-- Generated by Craft v2.6.2945 on Oct 6, 2016, 4:56:05 AM.

--
-- Disable foreign key checks and autocommit.
--

SET FOREIGN_KEY_CHECKS = 0;
SET SQL_MODE = "NO_AUTO_VALUE_ON_ZERO";
SET AUTOCOMMIT = 0;
SET NAMES utf8;


DROP TABLE IF EXISTS `craft_assetfiles`;


--
-- Schema for table `craft_assetfiles`
--
CREATE TABLE `craft_assetfiles` (
  `id` int(11) NOT NULL,
  `sourceId` int(11) DEFAULT NULL,
  `folderId` int(11) NOT NULL,
  `filename` varchar(255) COLLATE utf8_unicode_ci NOT NULL,
  `kind` varchar(50) COLLATE utf8_unicode_ci NOT NULL DEFAULT 'unknown',
  `width` int(11) unsigned DEFAULT NULL,
  `height` int(11) unsigned DEFAULT NULL,
  `size` bigint(20) unsigned DEFAULT NULL,
  `dateModified` datetime DEFAULT NULL,
  `dateCreated` datetime NOT NULL,
  `dateUpdated` datetime NOT NULL,
  `uid` char(36) COLLATE utf8_unicode_ci NOT NULL DEFAULT '0',
  PRIMARY KEY (`id`),
  UNIQUE KEY `craft_assetfiles_filename_folderId_unq_idx` (`filename`,`folderId`),
  KEY `craft_assetfiles_sourceId_fk` (`sourceId`),
  KEY `craft_assetfiles_folderId_fk` (`folderId`)
) ENGINE=InnoDB DEFAULT CHARSET=utf8 COLLATE=utf8_unicode_ci;

--
-- Data for table `craft_assetfiles`
--

INSERT INTO `craft_assetfiles` (`id`, `sourceId`, `folderId`, `filename`, `kind`, `width`, `height`, `size`, `dateModified`, `dateCreated`, `dateUpdated`, `uid`) VALUES
 ('5', '1', '1', 'Thumbnail.png', 'image', '500', '500', '239259', '2016-10-02 23:48:56', '2016-10-02 23:48:56', '2016-10-03 00:35:59', '24d675b4-ba2d-466e-a6fa-dc61ed1a233b'),
 ('6', '1', '1', 'coffee.jpeg', 'image', '5184', '3456', '3780029', '2016-10-03 00:32:57', '2016-10-03 00:35:59', '2016-10-03 00:36:00', 'b367d12d-5f16-427b-9eb1-71d3c5bc6555'),
 ('7', '1', '1', 'dream-coat.jpeg', 'image', '3648', '5472', '2499877', '2016-10-03 00:34:46', '2016-10-03 00:36:00', '2016-10-03 00:36:01', '9f82c3d0-97dd-4822-8f2a-df314634d210'),
 ('8', '1', '1', 'aerial.jpeg', 'image', '3000', '2000', '3314484', '2016-10-03 00:33:46', '2016-10-03 00:36:01', '2016-10-03 00:36:01', '23050bc0-9a28-45f6-a8fe-1a438dec3034'),
 ('9', '1', '1', 'drinking.jpeg', 'image', '5616', '3744', '878946', '2016-10-03 00:32:36', '2016-10-03 00:36:01', '2016-10-03 00:36:02', '627f6581-16d7-4a9a-aeed-29b8887c8ef6'),
 ('10', '1', '1', 'fence-girl.jpeg', 'image', '3533', '5300', '886229', '2016-10-03 00:34:18', '2016-10-03 00:36:02', '2016-10-03 00:36:02', '620a88bc-cdbb-4045-8e9a-ed4ebd1beeea'),
 ('11', '1', '1', 'flowers.jpeg', 'image', '5335', '3561', '1842853', '2016-10-03 00:31:30', '2016-10-03 00:36:03', '2016-10-03 00:36:03', 'c6e9ff8d-530e-4e08-a0a4-f4c7a505616e'),
 ('12', '1', '1', 'hipster.jpeg', 'image', '4928', '3264', '7035712', '2016-10-03 00:32:22', '2016-10-03 00:36:03', '2016-10-03 00:36:04', '3c929d00-18a3-4e02-b712-96c9a8080772'),
 ('13', '1', '1', 'ice.jpeg', 'image', '2667', '4000', '5580217', '2016-10-03 00:33:16', '2016-10-03 00:36:04', '2016-10-03 00:36:05', 'ad5fd2b9-a20c-4389-a1b7-8314f29fb72b'),
 ('14', '1', '1', 'man-mountains.jpeg', 'image', '3000', '2000', '1406299', '2016-10-03 00:35:31', '2016-10-03 00:36:05', '2016-10-03 00:36:06', 'f5d6ba9a-a9db-4db1-8b27-373c55c599a1'),
 ('15', '1', '1', 'mountains.jpeg', 'image', '4853', '2730', '2411928', '2016-10-03 00:31:42', '2016-10-03 00:36:06', '2016-10-03 00:36:06', '5d2ff33b-f8c0-4d6e-84cc-868f8bfc1217'),
 ('16', '1', '1', 'scooter.jpeg', 'image', '4928', '3280', '1938949', '2016-10-03 00:31:59', '2016-10-03 00:36:06', '2016-10-03 00:36:07', '375095fe-d0f5-48a9-8b0a-24cf6ed26e17');



DROP TABLE IF EXISTS `craft_assetfolders`;


--
-- Schema for table `craft_assetfolders`
--
CREATE TABLE `craft_assetfolders` (
  `id` int(11) NOT NULL AUTO_INCREMENT,
  `parentId` int(11) DEFAULT NULL,
  `sourceId` int(11) DEFAULT NULL,
  `name` varchar(255) COLLATE utf8_unicode_ci NOT NULL,
  `path` varchar(255) COLLATE utf8_unicode_ci DEFAULT NULL,
  `dateCreated` datetime NOT NULL,
  `dateUpdated` datetime NOT NULL,
  `uid` char(36) COLLATE utf8_unicode_ci NOT NULL DEFAULT '0',
  PRIMARY KEY (`id`),
  UNIQUE KEY `craft_assetfolders_name_parentId_sourceId_unq_idx` (`name`,`parentId`,`sourceId`),
  KEY `craft_assetfolders_parentId_fk` (`parentId`),
  KEY `craft_assetfolders_sourceId_fk` (`sourceId`)
) ENGINE=InnoDB AUTO_INCREMENT=2 DEFAULT CHARSET=utf8 COLLATE=utf8_unicode_ci;

--
-- Data for table `craft_assetfolders`
--

INSERT INTO `craft_assetfolders` (`id`, `parentId`, `sourceId`, `name`, `path`, `dateCreated`, `dateUpdated`, `uid`) VALUES
 ('1', NULL, '1', 'Media', '', '2016-10-02 23:44:21', '2016-10-02 23:44:21', '33fb133b-dd51-455a-a4f3-6a9c710c1f4c');



DROP TABLE IF EXISTS `craft_assetindexdata`;


--
-- Schema for table `craft_assetindexdata`
--
CREATE TABLE `craft_assetindexdata` (
  `id` int(11) NOT NULL AUTO_INCREMENT,
  `sessionId` varchar(36) COLLATE utf8_unicode_ci NOT NULL DEFAULT '',
  `sourceId` int(10) NOT NULL,
  `offset` int(10) NOT NULL,
  `uri` varchar(255) COLLATE utf8_unicode_ci DEFAULT NULL,
  `size` varchar(255) COLLATE utf8_unicode_ci DEFAULT NULL,
  `recordId` int(10) DEFAULT NULL,
  `dateCreated` datetime NOT NULL,
  `dateUpdated` datetime NOT NULL,
  `uid` char(36) COLLATE utf8_unicode_ci NOT NULL DEFAULT '0',
  PRIMARY KEY (`id`),
  UNIQUE KEY `craft_assetindexdata_sessionId_sourceId_offset_unq_idx` (`sessionId`,`sourceId`,`offset`),
  KEY `craft_assetindexdata_sourceId_fk` (`sourceId`)
) ENGINE=InnoDB AUTO_INCREMENT=13 DEFAULT CHARSET=utf8 COLLATE=utf8_unicode_ci;

DROP TABLE IF EXISTS `craft_assetsources`;


--
-- Schema for table `craft_assetsources`
--
CREATE TABLE `craft_assetsources` (
  `id` int(11) NOT NULL AUTO_INCREMENT,
  `name` varchar(255) COLLATE utf8_unicode_ci NOT NULL,
  `handle` varchar(255) COLLATE utf8_unicode_ci NOT NULL,
  `type` varchar(150) COLLATE utf8_unicode_ci NOT NULL,
  `settings` text COLLATE utf8_unicode_ci,
  `sortOrder` smallint(6) unsigned DEFAULT NULL,
  `fieldLayoutId` int(10) DEFAULT NULL,
  `dateCreated` datetime NOT NULL,
  `dateUpdated` datetime NOT NULL,
  `uid` char(36) COLLATE utf8_unicode_ci NOT NULL DEFAULT '0',
  PRIMARY KEY (`id`),
  UNIQUE KEY `craft_assetsources_name_unq_idx` (`name`),
  UNIQUE KEY `craft_assetsources_handle_unq_idx` (`handle`),
  KEY `craft_assetsources_fieldLayoutId_fk` (`fieldLayoutId`)
) ENGINE=InnoDB AUTO_INCREMENT=2 DEFAULT CHARSET=utf8 COLLATE=utf8_unicode_ci;

--
-- Data for table `craft_assetsources`
--

INSERT INTO `craft_assetsources` (`id`, `name`, `handle`, `type`, `settings`, `sortOrder`, `fieldLayoutId`, `dateCreated`, `dateUpdated`, `uid`) VALUES
 ('1', 'Media', 'media', 'Local', '{\"path\":\"{basePath}public\\/media\\/\",\"publicURLs\":\"1\",\"url\":\"{baseUrl}media\\/\"}', '1', '11', '2016-10-02 23:44:21', '2016-10-02 23:48:46', '5e95d169-11c0-40f2-8b4e-d269fbbd98f4');



DROP TABLE IF EXISTS `craft_assettransformindex`;


--
-- Schema for table `craft_assettransformindex`
--
CREATE TABLE `craft_assettransformindex` (
  `id` int(11) NOT NULL AUTO_INCREMENT,
  `fileId` int(11) NOT NULL,
  `filename` varchar(255) COLLATE utf8_unicode_ci DEFAULT NULL,
  `format` varchar(255) COLLATE utf8_unicode_ci DEFAULT NULL,
  `location` varchar(255) COLLATE utf8_unicode_ci NOT NULL,
  `sourceId` int(11) DEFAULT NULL,
  `fileExists` tinyint(1) DEFAULT NULL,
  `inProgress` tinyint(1) DEFAULT NULL,
  `dateIndexed` datetime DEFAULT NULL,
  `dateCreated` datetime NOT NULL,
  `dateUpdated` datetime NOT NULL,
  `uid` char(36) COLLATE utf8_unicode_ci NOT NULL DEFAULT '0',
  PRIMARY KEY (`id`),
  KEY `craft_assettransformindex_sourceId_fileId_location_idx` (`sourceId`,`fileId`,`location`)
) ENGINE=InnoDB DEFAULT CHARSET=utf8 COLLATE=utf8_unicode_ci;

DROP TABLE IF EXISTS `craft_assettransforms`;


--
-- Schema for table `craft_assettransforms`
--
CREATE TABLE `craft_assettransforms` (
  `id` int(11) NOT NULL AUTO_INCREMENT,
  `name` varchar(255) COLLATE utf8_unicode_ci NOT NULL,
  `handle` varchar(255) COLLATE utf8_unicode_ci NOT NULL,
  `mode` enum('stretch','fit','crop') COLLATE utf8_unicode_ci NOT NULL DEFAULT 'crop',
  `position` enum('top-left','top-center','top-right','center-left','center-center','center-right','bottom-left','bottom-center','bottom-right') COLLATE utf8_unicode_ci NOT NULL DEFAULT 'center-center',
  `height` int(10) DEFAULT NULL,
  `width` int(10) DEFAULT NULL,
  `format` varchar(255) COLLATE utf8_unicode_ci DEFAULT NULL,
  `quality` int(10) DEFAULT NULL,
  `dimensionChangeTime` datetime DEFAULT NULL,
  `dateCreated` datetime NOT NULL,
  `dateUpdated` datetime NOT NULL,
  `uid` char(36) COLLATE utf8_unicode_ci NOT NULL DEFAULT '0',
  PRIMARY KEY (`id`),
  UNIQUE KEY `craft_assettransforms_name_unq_idx` (`name`),
  UNIQUE KEY `craft_assettransforms_handle_unq_idx` (`handle`)
) ENGINE=InnoDB DEFAULT CHARSET=utf8 COLLATE=utf8_unicode_ci;

DROP TABLE IF EXISTS `craft_categories`;


--
-- Schema for table `craft_categories`
--
CREATE TABLE `craft_categories` (
  `id` int(11) NOT NULL,
  `groupId` int(11) NOT NULL,
  `dateCreated` datetime NOT NULL,
  `dateUpdated` datetime NOT NULL,
  `uid` char(36) COLLATE utf8_unicode_ci NOT NULL DEFAULT '0',
  PRIMARY KEY (`id`),
  KEY `craft_categories_groupId_fk` (`groupId`)
) ENGINE=InnoDB DEFAULT CHARSET=utf8 COLLATE=utf8_unicode_ci;

--
-- Data for table `craft_categories`
--

INSERT INTO `craft_categories` (`id`, `groupId`, `dateCreated`, `dateUpdated`, `uid`) VALUES
 ('30', '1', '2016-10-03 08:56:33', '2016-10-03 08:56:33', '93e5c85b-9118-453e-9dc1-813ab3557147'),
 ('31', '1', '2016-10-03 08:56:42', '2016-10-03 08:56:42', '9afd9c23-a727-444b-b7c4-6130fbb86566'),
 ('32', '1', '2016-10-03 08:56:52', '2016-10-03 08:56:52', '35af2aa7-c1b9-4c7a-b7fa-300cdfaca1e0'),
 ('33', '1', '2016-10-03 08:56:59', '2016-10-03 08:56:59', '96fa3dc7-0f44-4b56-947d-e53b950224e3'),
 ('34', '1', '2016-10-03 08:57:05', '2016-10-03 08:57:05', '8ddd21fa-3dba-45fd-ab61-03428c4c56dc'),
 ('35', '1', '2016-10-03 08:57:14', '2016-10-03 08:57:14', 'be11bf70-717c-4e0d-bb99-ade6957517d0'),
 ('36', '1', '2016-10-03 08:57:23', '2016-10-03 08:57:23', '30938a45-d4bc-495e-b4a2-8b6b9349045b'),
 ('37', '1', '2016-10-03 08:57:29', '2016-10-03 08:57:29', 'dbfa1f8c-d91f-43fa-a456-0bc5b3398135');



DROP TABLE IF EXISTS `craft_categorygroups`;


--
-- Schema for table `craft_categorygroups`
--
CREATE TABLE `craft_categorygroups` (
  `id` int(11) NOT NULL AUTO_INCREMENT,
  `structureId` int(11) NOT NULL,
  `fieldLayoutId` int(11) DEFAULT NULL,
  `name` varchar(255) COLLATE utf8_unicode_ci NOT NULL,
  `handle` varchar(255) COLLATE utf8_unicode_ci NOT NULL,
  `hasUrls` tinyint(1) unsigned NOT NULL DEFAULT '1',
  `template` varchar(500) COLLATE utf8_unicode_ci DEFAULT NULL,
  `dateCreated` datetime NOT NULL,
  `dateUpdated` datetime NOT NULL,
  `uid` char(36) COLLATE utf8_unicode_ci NOT NULL DEFAULT '0',
  PRIMARY KEY (`id`),
  UNIQUE KEY `craft_categorygroups_name_unq_idx` (`name`),
  UNIQUE KEY `craft_categorygroups_handle_unq_idx` (`handle`),
  KEY `craft_categorygroups_structureId_fk` (`structureId`),
  KEY `craft_categorygroups_fieldLayoutId_fk` (`fieldLayoutId`)
) ENGINE=InnoDB AUTO_INCREMENT=2 DEFAULT CHARSET=utf8 COLLATE=utf8_unicode_ci;

--
-- Data for table `craft_categorygroups`
--

INSERT INTO `craft_categorygroups` (`id`, `structureId`, `fieldLayoutId`, `name`, `handle`, `hasUrls`, `template`, `dateCreated`, `dateUpdated`, `uid`) VALUES
 ('1', '2', '25', 'Channels', 'channels', '1', 'pages/_channel', '2016-10-03 08:55:53', '2016-10-03 12:31:43', 'b609dc33-d6d8-4100-b288-929c317a5a56');



DROP TABLE IF EXISTS `craft_categorygroups_i18n`;


--
-- Schema for table `craft_categorygroups_i18n`
--
CREATE TABLE `craft_categorygroups_i18n` (
  `id` int(11) NOT NULL AUTO_INCREMENT,
  `groupId` int(11) NOT NULL,
  `locale` char(12) COLLATE utf8_unicode_ci NOT NULL,
  `urlFormat` text COLLATE utf8_unicode_ci,
  `nestedUrlFormat` text COLLATE utf8_unicode_ci,
  `dateCreated` datetime NOT NULL,
  `dateUpdated` datetime NOT NULL,
  `uid` char(36) COLLATE utf8_unicode_ci NOT NULL DEFAULT '0',
  PRIMARY KEY (`id`),
  UNIQUE KEY `craft_categorygroups_i18n_groupId_locale_unq_idx` (`groupId`,`locale`),
  KEY `craft_categorygroups_i18n_locale_fk` (`locale`)
) ENGINE=InnoDB AUTO_INCREMENT=2 DEFAULT CHARSET=utf8 COLLATE=utf8_unicode_ci;

--
-- Data for table `craft_categorygroups_i18n`
--

INSERT INTO `craft_categorygroups_i18n` (`id`, `groupId`, `locale`, `urlFormat`, `nestedUrlFormat`, `dateCreated`, `dateUpdated`, `uid`) VALUES
 ('1', '1', 'en_us', 'channels/{slug}', '{parent.uri}/{slug}', '2016-10-03 08:55:53', '2016-10-03 08:55:53', 'd228ee7f-952a-462e-8e0b-a09300bae57e');



DROP TABLE IF EXISTS `craft_content`;


--
-- Schema for table `craft_content`
--
CREATE TABLE `craft_content` (
  `id` int(11) NOT NULL AUTO_INCREMENT,
  `elementId` int(11) NOT NULL,
  `locale` char(12) COLLATE utf8_unicode_ci NOT NULL,
  `title` varchar(255) COLLATE utf8_unicode_ci DEFAULT NULL,
  `field_socialLink` text COLLATE utf8_unicode_ci,
  `field_socialNetwork` varchar(255) COLLATE utf8_unicode_ci DEFAULT NULL,
  `field_text` text COLLATE utf8_unicode_ci,
  `field_socialAuthor` text COLLATE utf8_unicode_ci,
  `field_articleBody` text COLLATE utf8_unicode_ci,
  `dateCreated` datetime NOT NULL,
  `dateUpdated` datetime NOT NULL,
  `uid` char(36) COLLATE utf8_unicode_ci NOT NULL DEFAULT '0',
  PRIMARY KEY (`id`),
  UNIQUE KEY `craft_content_elementId_locale_unq_idx` (`elementId`,`locale`),
  KEY `craft_content_title_idx` (`title`),
  KEY `craft_content_locale_fk` (`locale`)
) ENGINE=InnoDB AUTO_INCREMENT=49 DEFAULT CHARSET=utf8 COLLATE=utf8_unicode_ci;

--
-- Data for table `craft_content`
--

INSERT INTO `craft_content` (`id`, `elementId`, `locale`, `title`, `field_socialLink`, `field_socialNetwork`, `field_text`, `field_socialAuthor`, `field_articleBody`, `dateCreated`, `dateUpdated`, `uid`) VALUES
 ('1', '1', 'en_us', NULL, NULL, NULL, NULL, NULL, NULL, '2016-09-29 06:51:54', '2016-10-03 01:19:59', '8fcaa25f-e4a0-4ad8-8fa5-f38e092d83bc'),
 ('2', '2', 'en_us', 'Home', NULL, NULL, NULL, NULL, NULL, '2016-09-29 06:51:56', '2016-10-06 03:49:36', 'd66cc28c-aed2-4f96-8a93-08c8bc6162cc'),
 ('5', '5', 'en_us', 'Thumbnail', NULL, NULL, NULL, NULL, NULL, '2016-10-02 23:48:56', '2016-10-03 00:35:59', '1eca0393-8ace-4093-9173-8265e42bc207'),
 ('6', '6', 'en_us', 'Coffee', NULL, NULL, NULL, NULL, NULL, '2016-10-03 00:35:59', '2016-10-03 00:36:00', 'de03c933-f2ac-4d64-8827-cc505f0d43ba'),
 ('7', '7', 'en_us', 'Dream Coat', NULL, NULL, NULL, NULL, NULL, '2016-10-03 00:36:00', '2016-10-03 00:36:01', '4ccf84b0-6108-4fc5-b60a-0f1e37fe9f6f'),
 ('8', '8', 'en_us', 'Aerial', NULL, NULL, NULL, NULL, NULL, '2016-10-03 00:36:01', '2016-10-03 00:36:01', '41a07a21-96ed-49e6-98f2-76b4e36ab28e'),
 ('9', '9', 'en_us', 'Drinking', NULL, NULL, NULL, NULL, NULL, '2016-10-03 00:36:01', '2016-10-03 00:36:02', '763c74ca-6604-40e0-82d6-39b6db4b29d2'),
 ('10', '10', 'en_us', 'Fence Girl', NULL, NULL, NULL, NULL, NULL, '2016-10-03 00:36:02', '2016-10-03 00:36:02', '2e02f279-555d-47b0-916e-1c56bb8ce39c'),
 ('11', '11', 'en_us', 'Flowers', NULL, NULL, NULL, NULL, NULL, '2016-10-03 00:36:03', '2016-10-03 00:36:03', '072b692c-f804-4417-82ae-280bb20ee0b5'),
 ('12', '12', 'en_us', 'Hipster', NULL, NULL, NULL, NULL, NULL, '2016-10-03 00:36:03', '2016-10-03 00:36:04', 'ef3e5691-0288-4abc-9fd7-cb0abcef2c24'),
 ('13', '13', 'en_us', 'Ice', NULL, NULL, NULL, NULL, NULL, '2016-10-03 00:36:04', '2016-10-03 00:36:05', '5dbf4df1-d792-4178-9dfe-5ebb58b1c73f'),
 ('14', '14', 'en_us', 'Man Mountains', NULL, NULL, NULL, NULL, NULL, '2016-10-03 00:36:05', '2016-10-03 00:36:06', '44fa8b19-46f2-4e70-a01e-e26a81b2d4c1'),
 ('15', '15', 'en_us', 'Mountains', NULL, NULL, NULL, NULL, NULL, '2016-10-03 00:36:06', '2016-10-03 00:36:06', '99d1ebb5-c227-4c07-bb6b-68188435c021'),
 ('16', '16', 'en_us', 'Scooter', NULL, NULL, NULL, NULL, NULL, '2016-10-03 00:36:06', '2016-10-03 00:36:07', '6f9df3b0-b5b9-466b-8957-90c5919a96f8'),
 ('30', '30', 'en_us', 'National', NULL, NULL, NULL, NULL, NULL, '2016-10-03 08:56:33', '2016-10-03 08:56:33', 'dbbca036-226d-403d-9edb-3354340c6759'),
 ('31', '31', 'en_us', 'World', NULL, NULL, NULL, NULL, NULL, '2016-10-03 08:56:42', '2016-10-03 08:56:42', '7ffa4db5-5d23-46c5-8a7d-57bdf4d56a3e'),
 ('32', '32', 'en_us', 'Lifestyle', NULL, NULL, NULL, NULL, NULL, '2016-10-03 08:56:52', '2016-10-03 08:56:52', '5966f520-f311-46e3-abfb-b493933283b0'),
 ('33', '33', 'en_us', 'Travel', NULL, NULL, NULL, NULL, NULL, '2016-10-03 08:56:59', '2016-10-03 08:56:59', 'a1165eff-89b7-4b5e-a3f6-7b53db295348'),
 ('34', '34', 'en_us', 'Entertainment', NULL, NULL, NULL, NULL, NULL, '2016-10-03 08:57:05', '2016-10-03 08:57:05', 'f52b3e3c-1065-4517-b5d4-e300286a0c8f'),
 ('35', '35', 'en_us', 'Technology', NULL, NULL, NULL, NULL, NULL, '2016-10-03 08:57:14', '2016-10-03 08:57:14', 'b9b169f4-ff49-4a1d-825f-ce5cb84895fd'),
 ('36', '36', 'en_us', 'Finance', NULL, NULL, NULL, NULL, NULL, '2016-10-03 08:57:23', '2016-10-03 08:57:23', '8b257a12-10de-43e8-ba7c-5828977fa357'),
 ('37', '37', 'en_us', 'Sport', NULL, NULL, NULL, NULL, NULL, '2016-10-03 08:57:29', '2016-10-03 08:57:29', '3c87fcff-f2a3-490d-a0bc-db49236c767e'),
 ('38', '38', 'en_us', 'Mountain Man', 'https://www.instagram.com/p/BKrobzCBu1Q/?taken-by=nickiminaj', 'instagram', '<p>Hello world. Testing 123.</p>', 'nickiminaj', NULL, '2016-10-03 09:05:16', '2016-10-03 10:46:28', 'd5ecc49d-b685-4356-86d3-1e10a79ebb95'),
 ('39', '39', 'en_us', 'Coffee', 'https://www.instagram.com/p/BK1ixfeD8pJ/?taken-by=kumaniko', 'twitter', '<p>In the studio w/ <a class=\"notranslate\" href=\"https://www.instagram.com/htndi/\">@htndi</a> and all his gorgeous seriousness. <a href=\"https://www.instagram.com/explore/tags/melbourne/\">#melbourne</a> <a href=\"https://www.instagram.com/explore/tags/melbourneiloveyou/\">#melbourneiloveyou</a> <a href=\"https://www.instagram.com/explore/tags/studio/\">#studio</a><a href=\"https://www.instagram.com/explore/tags/portrait/\">#portrait</a> <a href=\"https://www.instagram.com/explore/tags/portraitpage/\">#portraitpage</a> <a href=\"https://www.instagram.com/explore/tags/blackandwhite/\">#blackandwhite</a><a href=\"https://www.instagram.com/explore/tags/blackandwhiteisworththefight/\">#blackandwhiteisworththefight</a></p>', 'kumaniko', NULL, '2016-10-03 09:06:38', '2016-10-03 10:46:28', 'c4ee1d5a-0dd5-4b5e-9923-8f7ce2b18811'),
 ('40', '40', 'en_us', 'Dream Coat', 'https://www.instagram.com/p/BLColkLDFFJ/?taken-by=kumaniko', 'facebook', '<p>When the dance is over. w/ <a class=\"notranslate\" href=\"https://www.instagram.com/nellyskf/\">@nellyskf</a> </p>', 'kumaniko', NULL, '2016-10-03 09:07:23', '2016-10-03 10:46:28', '20ed3aa8-f158-49ce-8423-71b312c151a1'),
 ('41', '41', 'en_us', 'Drinking', 'https://www.instagram.com/p/BLCn_-KhXFf/?taken-by=blancandwhitestudio', 'twitter', '<p>Leave your mark <a href=\"https://www.instagram.com/explore/tags/minimalinspo/\">#minimalinspo</a> <a href=\"https://www.instagram.com/explore/tags/artinspiration/\">#artinspiration</a><a href=\"https://www.instagram.com/explore/tags/sundayfunday/\">#sundayfunday</a> <a href=\"https://www.instagram.com/explore/tags/blancandwhitestyle/\">#blancandwhitestyle</a><a href=\"https://www.instagram.com/explore/tags/blancandwhitestudio/\">#blancandwhitestudio</a></p>', ' someuser122aF', NULL, '2016-10-03 09:08:05', '2016-10-03 10:46:28', 'e7813552-3115-4ad4-a586-e689956d763d'),
 ('42', '42', 'en_us', 'Girl looking', 'https://www.instagram.com/p/BIp9xB5jmzI/?taken-by=taylorswift', 'twitter', '<p>Fermentum Euismod <a href=\"http://cog-boilerplate-craft.dev/admin/entries/social/20-something-amazing#\">#Nullam</a> <a href=\"http://cog-boilerplate-craft.dev/admin/entries/social/20-something-amazing#\">#Ipsum</a> <a href=\"http://cog-boilerplate-craft.dev/admin/entries/social/20-something-amazing#\">#Amet</a></p>', 'johnrobinson87', NULL, '2016-10-03 09:09:00', '2016-10-03 10:46:28', 'cfc3eff6-610d-491b-a6f7-292405439515'),
 ('43', '43', 'en_us', 'Flowers', 'https://www.instagram.com/p/BKKTaciDtRM/', 'twitter', '<p>Clearly all of us were able to remain calm at Gigi\'s show. Especially<a href=\"#\">@anwarhadid</a>.</p>', 'taylorswift', NULL, '2016-10-03 09:09:51', '2016-10-03 10:46:28', '9bd0f7ed-9906-47dd-95d2-02108f0ec4bf'),
 ('44', '44', 'en_us', 'Hipster Yoda', 'https://www.instagram.com/p/BK43RA7Dy4b/?taken-by=triplejhack', 'twitter', '<p>The Church of Scientology is known for its celebrity devotees and its roots in Hollywood - but what about its following in Australia? Is the religion attracting more Aussies looking for a new faith? Find out from 5:30 when we chat to former Hack host Steve Cannane about his new book investigating scientology in Oz.</p>', 'triplejhack', NULL, '2016-10-03 09:10:36', '2016-10-03 10:46:28', 'c7f2c9c4-bcb3-420a-9777-837ce5654588'),
 ('45', '45', 'en_us', 'Icy Sky', 'https://www.instagram.com/p/BLAZRRDBFGY/?taken-by=chelsea.brice.style', 'twitter', '<p>Duis mollis, est non commodo luctus, nisi erat porttitor ligula, eget lacinia odio sem nec elit. Maecenas faucibus mollis interdum. Vestibulum id ligula porta felis euismod semper. Sed posuere consectetur est at lobortis.</p>', 'techno-babble', NULL, '2016-10-03 09:11:52', '2016-10-03 10:46:28', '32b99560-a67e-49b8-a569-8d1166e3558f'),
 ('46', '46', 'en_us', '$100m show could be the next Game of Thrones', NULL, NULL, '<p>It had hoped Vinyl would fill that spot but the 70s-set music series flopped like Homer Simpson diving off a 10-metre board. So it really needs a success story with Westworld, an ambitious sci-fi western that cost $100 million to make.<br /></p>', NULL, '<p>Based on Michael Crichton’s 1973 cult movie, the revamped concept was developed by Jonathan Nolan and Lisa Joy, with J.J. Abrams on board as executive producer.<br /></p>\n\n<p>On the surface, Westworld is a gigantic “theme park” where rich people go for an all-encompassing experience of the Wild West, a place designed to seduce everyone who sets foot inside it.</p>\n\n<p>Only none of the park inhabitants are real. They’re all robots — incredibly sophisticated robots, called “hosts”, with absolutely no idea they’re not real. They interact with the park’s guests and with each other, with perfect mimicry of human features, gestures and speech. They’re programmed to feel the whole gamut of human emotions, from love to fear. They also feel pain.</p>\n\n<p>These unfortunate beings only serve as the playthings of the cashed-up customers that visit Westworld, serving as a romp in the sack or a guide on a hunt for dangerous fugitives in the hills. Sometimes, a guest’s desires are more grotesque with rape fantasies and senseless, gory violence on the cards. And through it all, the hosts take it.</p>\n\n<p><img src=\"http://cdn.newsapi.com.au/image/v1/a0a549c2c7d18bdaed4836befc508c4d\" width=\"650\" height=\"366\" alt=\"a0a549c2c7d18bdaed4836befc508c4d\" style=\"font-size:19px;vertical-align:middle;height:auto;\" /></p>\n\n<p>Can you trust what you see?Source:Supplied</p>\n\n<p>It’s emphasised again and again that they’re not real, merely synthetic models and lines of computer code. Their memories are also wiped at the end of every interaction and their days restart in exactly the same way.</p>\n\n<p>Of course, it wouldn’t be a story worthy of $100 million if there wasn’t a snafu. A new update to the hosts leaves a few glitching, able to recall past memories.</p>\n\n<p>The malfunctioning hosts are recalled and either “cleared” to go back in or “decommissioned” into cold storage in the basement, a horrifying tableau that could send anyone with a fear of mannequins into a spin.</p>\n\n<p>The corporation that runs the park and its enigmatic founder Robert Ford (Anthony Hopkins) are playing god, creating the narratives and the personalities that inhabit the park. There’s clearly a secret plan, or possibly several, beyond the adult playground.</p>\n\n<p>In the original 1973 movie, the robots rebel and fight back, sick of being at the sticky end of the guests’ whims.</p>\n\n<p>Here, at least in the first handful of episodes, there’s a hint of what’s to come as some of the hosts begin to display what could be sentience. An early reference to a “critical incident” in the park 30 years ago is foreboding.</p>\n\n<p>The cold world of the human puppeteers is also filled with intrigue as opaque and opposing agendas are teased out bit by bit. There’s a lot to unravel for a committed viewer.</p>\n\n<p>At times the dialogue is heavy with exposition but there is a lot to take in, with several subplots that will, presumably, come together.</p>\n\n<p><img src=\"http://cdn.newsapi.com.au/image/v1/8c2635d83ae447215df862f0e49a9cb1\" width=\"650\" height=\"366\" alt=\"8c2635d83ae447215df862f0e49a9cb1\" style=\"font-size:19px;vertical-align:middle;height:auto;\" /></p>\n\n<p>The ‘human’ world.Source:Supplied</p>\n\n<p>The production values of Westworld gives us two visually stunning, richly textured worlds — the open vistas and dusty Wild West of the park and the steely, hi-tech and claustrophobic atmosphere of the human quarters.</p>\n\n<p>The attention in the set design is highly impressive from the smallest detail in the saloon to Ford’s office with its wall of masks. The process in which new hosts are created means you’ll never look at another 3D printer the same way. You can see where all that production money was spent.</p>\n\n<p>Given the Crichton connection, it would be easy to dismiss Westworld as Jurassic Park with robots. But that would miss its depth as a TV show unafraid to ask the big question about life: What does it mean to be human?</p>\n\n<p>If we are, as many have posited, an amalgam of our memories, emotions and experiences, then how do we differ from artificial beings capable of remembering and feeling?</p>\n\n<p>One of the things Westworld does especially well is to build out the characterisation of the host characters, beings that, technically, have no personalities. The actors embodying the hosts — Evan Rachel Wood and Thandie Newton among them — have done a spectacular job in making them seem real while always reminding us they’re not with a timely twitch or blank look.</p>\n\n<p>That the hosts often feel more empathetic and rounded out than the human characters is no accident. Westworld is challenging us to think about evolution and human progress and, as one glitching host puts it, “the question you’re not supposed to ask, answers you’re not supposed to know”.</p>\n\n<p>The complexity of the story, as well as the ambitious scope of its production will easily invite comparisons to Game of Thrones. It’s the closest HBO has come to a drama that has the same level of characterisation, narrative drive and a general sense that this could be the next thing to blow up in the Zeitgeist.</p>\n\n<p>While a few years ago, you’d be right to be sceptical that a mishmash of sci-fi and western could be embraced by a mainstream audience, let’s remember that Game of Thrones is a fantasy series with dragons and giants.</p>\n\n<p>Westworld airs on Showcase on Foxtel at 12pm and 8.30pm on Mondays.</p>', '2016-10-03 09:15:14', '2016-10-03 11:36:00', '2f19af95-bf18-4378-ba8a-e776340ea391'),
 ('47', '47', 'en_us', 'Contact', NULL, NULL, '<p><b>Please fill out the form and we’ll get back to you.</b></p><p>Phone: 0000 0000</p><p>Location: 123 Russel st, Melbourne VIC</p>', NULL, NULL, '2016-10-06 03:44:20', '2016-10-06 03:50:32', '7332d546-f080-4001-894c-578d1d84c6ad'),
 ('48', '48', 'en_us', 'Sometimes you just want a test article so you can see all of the things', NULL, NULL, '<p>I am the intro text. I know what I am. Nothing more, nothing less.</p>', NULL, '                <h1>H1 - I am a huge heading</h1><h2>h2 - I am a s</h2><p>Maecenas faucibus mollis interdum. <b>Integer posuere erat a ante venenatis dapibus posuere velit aliquet.</b> Integer <strike>posuere</strike> erat a ante venenatis dapibus posuere velit aliquet. Lorem ipsum dolor sit amet, consectetur adipiscing elit.</p><p>Maecenas sed diam eget risus varius blandit sit amet non magna. Maecenas faucibus mollis interdum. Maecenas sed diam eget risus varius blandit sit amet non magna. Fusce dapibus, tellus ac cursus commodo, tortor mauris condimentum nibh, ut fermentum massa justo sit amet risus.</p><p class=\"\"><b>You can also do lists:</b></p><ul><li>One<br></li><li>Two&nbsp;<br></li><li>Three<br></li></ul><p class=\"\"><font color=\"#8e98a7\"><span style=\"font-size: 16px;\">Ordered lists too:</span></font></p><ol><li>One&nbsp;<br></li><li>Two&nbsp;<br></li><li>Four - tricked you<br></li></ol><p class=\"\"><b>Photo:</b></p><div class=\"medium-insert-images\"><figure>\r\n    <img src=\"http://res.cloudinary.com/cognitives/image/upload/v1475727833/u96ppktevxz8xeaem3tn.jpg\" alt=\"\" class=\"\">\r\n<figcaption class=\"\">100% width image</figcaption></figure></div><div class=\"medium-insert-images medium-insert-images-left\"><figure>\r\n    <img src=\"http://res.cloudinary.com/cognitives/image/upload/v1475729570/s04vldxji7tqick3y2cd.jpg\" alt=\"\" class=\"\">\r\n<figcaption class=\"\">Left aligned image</figcaption></figure></div><figure contenteditable=\"false\">\r\n    <img src=\"http://res.cloudinary.com/cognitives/image/upload/v1475729607/s8yupqzhdgip3lb5zujx.jpg\" alt=\"\" class=\"\">\r\n<figcaption contenteditable=\"true\" class=\"\">Right aligned image</figcaption></figure><p class=\"\"><span style=\"font-family: montserratlight, Arial, sans-serif; font-size: 16px;\"><br></span></p><p class=\"\"><span style=\"font-family: montserratlight, Arial, sans-serif; font-size: 16px;\"><br></span></p><p class=\"\"><span style=\"font-family: montserratlight, Arial, sans-serif; font-size: 16px;\">Youtube:</span><br></p><div class=\"medium-insert-embeds\">\r\n	<figure>\r\n		<div class=\"medium-insert-embed\">\r\n			<div style=\"max-width:320px;margin:auto;\">\r\n\r\n<!-- You\'re using demo endpoint of Iframely API commercially. Max-width is limited to 320px. Please get your own API key at https://iframely.com. -->\r\n\r\n<div><div style=\"left: 0px; width: 100%; height: 0px; position: relative; padding-bottom: 56.2493%;\"><iframe src=\"https://www.youtube.com/embed/PkDqNReMsjk?wmode=transparent&amp;rel=0&amp;autohide=1&amp;showinfo=0&amp;enablejsapi=1\" frameborder=\"0\" allowfullscreen=\"\" style=\"top: 0px; left: 0px; width: 100%; height: 100%; position: absolute;\"></iframe></div></div>\r\n</div>\r\n		</div>\r\n	</figure>\r\n	\r\n</div>                        <p class=\"\">Instagram:</p><div class=\"medium-insert-instagram\">\r\n	<figure>\r\n		<div class=\"medium-insert-insta\">\r\n			\r\n	<figure>\r\n		<div class=\"medium-insert-insta\">\r\n			<div data-embed-code=\"<div style=&quot;max-width:320px;margin:auto;&quot;>\r\n\r\n<!-- You\'re using demo endpoint of Iframely API commercially. Max-width is limited to 320px. Please get your own API key at https://iframely.com. -->\r\n\r\n<blockquote class=&quot;instagram-media&quot; data-instgrm-version=&quot;7&quot; style=&quot; background:#FFF; border:0; border-radius:3px; box-shadow:0 0 1px 0 rgba(0,0,0,0.5),0 1px 10px 0 rgba(0,0,0,0.15); margin: 1px; max-width:658px; padding:0; width:99.375%; width:-webkit-calc(100% - 2px); width:calc(100% - 2px);&quot;><div style=&quot;padding:8px;&quot;> <div style=&quot; background:#F8F8F8; line-height:0; margin-top:40px; padding:50.0% 0; text-align:center; width:100%;&quot;> <div style=&quot; background:url(data:image/png;base64,iVBORw0KGgoAAAANSUhEUgAAACwAAAAsCAMAAAApWqozAAAABGdBTUEAALGPC/xhBQAAAAFzUkdCAK7OHOkAAAAMUExURczMzPf399fX1+bm5mzY9AMAAADiSURBVDjLvZXbEsMgCES5/P8/t9FuRVCRmU73JWlzosgSIIZURCjo/ad+EQJJB4Hv8BFt+IDpQoCx1wjOSBFhh2XssxEIYn3ulI/6MNReE07UIWJEv8UEOWDS88LY97kqyTliJKKtuYBbruAyVh5wOHiXmpi5we58Ek028czwyuQdLKPG1Bkb4NnM+VeAnfHqn1k4+GPT6uGQcvu2h2OVuIf/gWUFyy8OWEpdyZSa3aVCqpVoVvzZZ2VTnn2wU8qzVjDDetO90GSy9mVLqtgYSy231MxrY6I2gGqjrTY0L8fxCxfCBbhWrsYYAAAAAElFTkSuQmCC); display:block; height:44px; margin:0 auto -44px; position:relative; top:-22px; width:44px;&quot;></div></div><p style=&quot; color:#c9c8cd; font-family:Arial,sans-serif; font-size:14px; line-height:17px; margin-bottom:0; margin-top:8px; overflow:hidden; padding:8px 0 7px; text-align:center; text-overflow:ellipsis; white-space:nowrap;&quot;><a href=&quot;https://www.instagram.com/p/BLAZRRDBFGY/&quot; style=&quot; color:#c9c8cd; font-family:Arial,sans-serif; font-size:14px; font-style:normal; font-weight:normal; line-height:17px; text-decoration:none;&quot; target=&quot;_blank&quot;>A photo posted by Chelsea (@chelsea.brice.style)</a> on <time style=&quot; font-family:Arial,sans-serif; font-size:14px; line-height:17px;&quot; datetime=&quot;2016-10-01T04:02:23+00:00&quot;>Sep 30, 2016 at 9:02pm PDT</time></p></div></blockquote>\r\n<script async defer src=&quot;//platform.instagram.com/en_US/embeds.js&quot;></script>\r\n</div>\"><div style=\"max-width:320px;margin:auto;\">\r\n\r\n<!-- You\'re using demo endpoint of Iframely API commercially. Max-width is limited to 320px. Please get your own API key at https://iframely.com. -->\r\n\r\n<iframe class=\"instagram-media instagram-media-rendered\" id=\"instagram-embed-0\" src=\"https://www.instagram.com/p/BLAZRRDBFGY/embed/?v=7\" allowtransparency=\"true\" frameborder=\"0\" height=\"738\" data-instgrm-payload-id=\"instagram-media-payload-0\" scrolling=\"no\" style=\"background: rgb(255, 255, 255); border: 0px; margin: 1px; max-width: 658px; width: calc(100% - 2px); border-radius: 4px; box-shadow: rgba(0, 0, 0, 0.498039) 0px 0px 1px 0px, rgba(0, 0, 0, 0.14902) 0px 1px 10px 0px; display: block; padding: 0px;\"></iframe>\r\n<script async=\"\" defer=\"\" src=\"//platform.instagram.com/en_US/embeds.js\"></script>\r\n</div></div>\r\n		</div>\r\n	</figure>\r\n	\r\n\r\n		</div>\r\n	</figure>\r\n	\r\n</div><p class=\"\">Vimeo:</p><div class=\"medium-insert-vimeo\">\r\n	<figure>\r\n		<div class=\"medium-insert-vim\">\r\n			\r\n	<figure>\r\n		<div class=\"medium-insert-vim\">\r\n			<div style=\"max-width:320px;margin:auto;\">\r\n\r\n<!-- You\'re using demo endpoint of Iframely API commercially. Max-width is limited to 320px. Please get your own API key at https://iframely.com. -->\r\n\r\n<div><div style=\"left: 0px; width: 100%; height: 0px; position: relative; padding-bottom: 56.2493%;\"><iframe src=\"https://player.vimeo.com/video/129902448?byline=0&amp;badge=0&amp;portrait=0&amp;title=0\" frameborder=\"0\" allowfullscreen=\"\" style=\"top: 0px; left: 0px; width: 100%; height: 100%; position: absolute;\"></iframe></div></div>\r\n</div>\r\n		</div>\r\n	</figure>\r\n	\r\n\r\n		</div>\r\n	</figure>\r\n	\r\n</div><p class=\"\">Twitter:</p><div class=\"medium-insert-twitter\">\r\n	<figure>\r\n		<div class=\"medium-insert-tweet\">\r\n			\r\n	<figure>\r\n		<div class=\"medium-insert-tweet\">\r\n			<div data-embed-code=\"<div style=&quot;max-width:320px;margin:auto;&quot;>\r\n\r\n<!-- You\'re using demo endpoint of Iframely API commercially. Max-width is limited to 320px. Please get your own API key at https://iframely.com. -->\r\n\r\n<blockquote class=&quot;twitter-tweet&quot; align=&quot;center&quot;><p lang=&quot;en&quot; dir=&quot;ltr&quot;>I want to give this puppy the BIGGEST hug <a href=&quot;https://t.co/D3gCDy8KkO&quot;>https://t.co/D3gCDy8KkO</a></p>&amp;mdash; Cute Emergency (@CuteEmergency) <a href=&quot;https://twitter.com/CuteEmergency/status/783870655716532224&quot;>October 6, 2016</a></blockquote>\r\n<script async src=&quot;//platform.twitter.com/widgets.js&quot; charset=&quot;utf-8&quot;></script>\r\n</div>\"><div style=\"max-width:320px;margin:auto;\">\r\n\r\n<!-- You\'re using demo endpoint of Iframely API commercially. Max-width is limited to 320px. Please get your own API key at https://iframely.com. -->\r\n\r\n<blockquote class=\"twitter-tweet\" align=\"center\"><p lang=\"en\" dir=\"ltr\">I want to give this puppy the BIGGEST hug <a href=\"https://t.co/D3gCDy8KkO\">https://t.co/D3gCDy8KkO</a></p>— Cute Emergency (@CuteEmergency) <a href=\"https://twitter.com/CuteEmergency/status/783870655716532224\">October 6, 2016</a></blockquote>\r\n<script async=\"\" src=\"//platform.twitter.com/widgets.js\" charset=\"utf-8\"></script>\r\n</div></div>\r\n		</div>\r\n	</figure>\r\n	\r\n\r\n		</div>\r\n	</figure>\r\n	\r\n</div>', '2016-10-06 04:39:22', '2016-10-06 04:55:38', '1bc0a06d-6fa9-4dd4-8e4d-38928aa8db7e');



DROP TABLE IF EXISTS `craft_deprecationerrors`;


--
-- Schema for table `craft_deprecationerrors`
--
CREATE TABLE `craft_deprecationerrors` (
  `id` int(11) NOT NULL AUTO_INCREMENT,
  `key` varchar(255) COLLATE utf8_unicode_ci NOT NULL,
  `fingerprint` varchar(255) COLLATE utf8_unicode_ci NOT NULL,
  `lastOccurrence` datetime NOT NULL,
  `file` varchar(255) COLLATE utf8_unicode_ci NOT NULL,
  `line` smallint(6) unsigned NOT NULL,
  `class` varchar(255) COLLATE utf8_unicode_ci DEFAULT NULL,
  `method` varchar(255) COLLATE utf8_unicode_ci DEFAULT NULL,
  `template` varchar(255) COLLATE utf8_unicode_ci DEFAULT NULL,
  `templateLine` smallint(6) unsigned DEFAULT NULL,
  `message` varchar(255) COLLATE utf8_unicode_ci DEFAULT NULL,
  `traces` text COLLATE utf8_unicode_ci,
  `dateCreated` datetime NOT NULL,
  `dateUpdated` datetime NOT NULL,
  `uid` char(36) COLLATE utf8_unicode_ci NOT NULL DEFAULT '0',
  PRIMARY KEY (`id`),
  UNIQUE KEY `craft_deprecationerrors_key_fingerprint_unq_idx` (`key`,`fingerprint`)
) ENGINE=InnoDB DEFAULT CHARSET=utf8 COLLATE=utf8_unicode_ci;

DROP TABLE IF EXISTS `craft_elementindexsettings`;


--
-- Schema for table `craft_elementindexsettings`
--
CREATE TABLE `craft_elementindexsettings` (
  `id` int(11) NOT NULL AUTO_INCREMENT,
  `type` varchar(150) COLLATE utf8_unicode_ci NOT NULL,
  `settings` text COLLATE utf8_unicode_ci,
  `dateCreated` datetime NOT NULL,
  `dateUpdated` datetime NOT NULL,
  `uid` char(36) COLLATE utf8_unicode_ci NOT NULL DEFAULT '0',
  PRIMARY KEY (`id`),
  UNIQUE KEY `craft_elementindexsettings_type_unq_idx` (`type`)
) ENGINE=InnoDB DEFAULT CHARSET=utf8 COLLATE=utf8_unicode_ci;

DROP TABLE IF EXISTS `craft_elements`;


--
-- Schema for table `craft_elements`
--
CREATE TABLE `craft_elements` (
  `id` int(11) NOT NULL AUTO_INCREMENT,
  `type` varchar(150) COLLATE utf8_unicode_ci NOT NULL,
  `enabled` tinyint(1) unsigned NOT NULL DEFAULT '1',
  `archived` tinyint(1) unsigned NOT NULL DEFAULT '0',
  `dateCreated` datetime NOT NULL,
  `dateUpdated` datetime NOT NULL,
  `uid` char(36) COLLATE utf8_unicode_ci NOT NULL DEFAULT '0',
  PRIMARY KEY (`id`),
  KEY `craft_elements_type_idx` (`type`),
  KEY `craft_elements_enabled_idx` (`enabled`),
  KEY `craft_elements_archived_dateCreated_idx` (`archived`,`dateCreated`)
) ENGINE=InnoDB AUTO_INCREMENT=49 DEFAULT CHARSET=utf8 COLLATE=utf8_unicode_ci;

--
-- Data for table `craft_elements`
--

INSERT INTO `craft_elements` (`id`, `type`, `enabled`, `archived`, `dateCreated`, `dateUpdated`, `uid`) VALUES
 ('1', 'User', '1', '0', '2016-09-29 06:51:54', '2016-10-03 01:19:59', 'c126f7f8-4332-48c8-8e5a-2a9c0b5653b0'),
 ('2', 'Entry', '1', '0', '2016-09-29 06:51:56', '2016-10-06 03:49:36', '6e955213-adaa-4eab-8d87-4995480df7f4'),
 ('5', 'Asset', '1', '0', '2016-10-02 23:48:56', '2016-10-03 00:35:59', '163b7942-2dc4-4cd7-9491-bfc4b2b5fc01'),
 ('6', 'Asset', '1', '0', '2016-10-03 00:35:59', '2016-10-03 00:36:00', 'b58ef733-0164-4c10-86cf-76f020d48362'),
 ('7', 'Asset', '1', '0', '2016-10-03 00:36:00', '2016-10-03 00:36:01', 'fac6bab7-a38c-4c00-b16c-03c43fbc186c'),
 ('8', 'Asset', '1', '0', '2016-10-03 00:36:01', '2016-10-03 00:36:01', '122baca7-4d6a-49e1-880f-f701ba16c73a'),
 ('9', 'Asset', '1', '0', '2016-10-03 00:36:01', '2016-10-03 00:36:02', '0a87b6f3-5837-489a-81be-50f4bf632520'),
 ('10', 'Asset', '1', '0', '2016-10-03 00:36:02', '2016-10-03 00:36:02', 'a12420e4-a6da-47ec-b994-4a5ca3e65467'),
 ('11', 'Asset', '1', '0', '2016-10-03 00:36:03', '2016-10-03 00:36:03', 'c65e86d6-4fe4-4b2d-9428-8433a9f05bcc'),
 ('12', 'Asset', '1', '0', '2016-10-03 00:36:03', '2016-10-03 00:36:04', '4c2a6c70-e17b-4d93-9a04-d1db1399d9b2'),
 ('13', 'Asset', '1', '0', '2016-10-03 00:36:04', '2016-10-03 00:36:05', '62c7c3fb-0ea1-4fd9-8596-0d339aef6c2e'),
 ('14', 'Asset', '1', '0', '2016-10-03 00:36:05', '2016-10-03 00:36:06', '55482526-db1c-41f9-bdda-11dd1274c786'),
 ('15', 'Asset', '1', '0', '2016-10-03 00:36:06', '2016-10-03 00:36:06', 'd0e911c8-538d-46e0-872d-2ff1c2f97ea5'),
 ('16', 'Asset', '1', '0', '2016-10-03 00:36:06', '2016-10-03 00:36:07', '006b8227-d992-4425-b9a4-d6e3df12f7e5'),
 ('30', 'Category', '1', '0', '2016-10-03 08:56:33', '2016-10-03 08:56:33', '8f760196-7caa-4300-97fb-fc8b7fcc1c94'),
 ('31', 'Category', '1', '0', '2016-10-03 08:56:42', '2016-10-03 08:56:42', '5fd55c27-3413-43cf-aee8-6c943ec03d74'),
 ('32', 'Category', '1', '0', '2016-10-03 08:56:52', '2016-10-03 08:56:52', 'ccc7e5b0-4940-4661-bb8c-3e6f94a451d3'),
 ('33', 'Category', '1', '0', '2016-10-03 08:56:59', '2016-10-03 08:56:59', '79f8a253-6818-4240-ac15-2bc12151dd81'),
 ('34', 'Category', '1', '0', '2016-10-03 08:57:05', '2016-10-03 08:57:05', 'c2e50285-20fc-483c-abb7-0d413bdeaa4e'),
 ('35', 'Category', '1', '0', '2016-10-03 08:57:14', '2016-10-03 08:57:14', 'f92ebc3c-8184-4771-ad35-ceeef8b215c1'),
 ('36', 'Category', '1', '0', '2016-10-03 08:57:23', '2016-10-03 08:57:23', '762882f7-0827-4835-bb93-8ff44bff8b6e'),
 ('37', 'Category', '1', '0', '2016-10-03 08:57:29', '2016-10-03 08:57:29', '27d44648-3d48-4d48-a33b-1c221415296f'),
 ('38', 'Entry', '1', '0', '2016-10-03 09:05:16', '2016-10-03 10:46:28', '61c8f801-2d27-47b7-aae2-63411d89df91'),
 ('39', 'Entry', '1', '0', '2016-10-03 09:06:38', '2016-10-03 10:46:28', 'de0d77a6-00c0-4c29-8bd5-b60cb8b1ebd5'),
 ('40', 'Entry', '1', '0', '2016-10-03 09:07:23', '2016-10-03 10:46:28', '14f0371f-8a87-4759-8980-01f54f80899a'),
 ('41', 'Entry', '1', '0', '2016-10-03 09:08:05', '2016-10-03 10:46:28', '6f17a37c-74ec-44d8-927c-6cef5f00b02f'),
 ('42', 'Entry', '1', '0', '2016-10-03 09:09:00', '2016-10-03 10:46:28', '7c30c0eb-7318-48f4-a746-4f9e179a70a6'),
 ('43', 'Entry', '1', '0', '2016-10-03 09:09:51', '2016-10-03 10:46:28', 'e1080b45-2c6a-44ff-8637-d8e328d91ae2'),
 ('44', 'Entry', '1', '0', '2016-10-03 09:10:36', '2016-10-03 10:46:28', '90c651a4-4962-43f7-849c-1c8eae762e23'),
 ('45', 'Entry', '1', '0', '2016-10-03 09:11:52', '2016-10-03 10:46:28', '61fdb811-b79f-44f7-8539-78adee0df152'),
 ('46', 'Entry', '1', '0', '2016-10-03 09:15:14', '2016-10-03 11:36:00', '0e8d708d-a86e-4cc2-87d8-adde4a3bd8cf'),
 ('47', 'Entry', '1', '0', '2016-10-06 03:44:20', '2016-10-06 03:50:32', '2f1570ab-926c-4595-88d7-bc8ce78fd488'),
 ('48', 'Entry', '1', '0', '2016-10-06 04:39:22', '2016-10-06 04:55:38', 'c402a1fa-b71a-4d83-a9ce-3375c8bd306b');



DROP TABLE IF EXISTS `craft_elements_i18n`;


--
-- Schema for table `craft_elements_i18n`
--
CREATE TABLE `craft_elements_i18n` (
  `id` int(11) NOT NULL AUTO_INCREMENT,
  `elementId` int(11) NOT NULL,
  `locale` char(12) COLLATE utf8_unicode_ci NOT NULL,
  `slug` varchar(255) COLLATE utf8_unicode_ci DEFAULT NULL,
  `uri` varchar(255) COLLATE utf8_unicode_ci DEFAULT NULL,
  `enabled` tinyint(1) unsigned NOT NULL DEFAULT '1',
  `dateCreated` datetime NOT NULL,
  `dateUpdated` datetime NOT NULL,
  `uid` char(36) COLLATE utf8_unicode_ci NOT NULL DEFAULT '0',
  PRIMARY KEY (`id`),
  UNIQUE KEY `craft_elements_i18n_elementId_locale_unq_idx` (`elementId`,`locale`),
  UNIQUE KEY `craft_elements_i18n_uri_locale_unq_idx` (`uri`,`locale`),
  KEY `craft_elements_i18n_slug_locale_idx` (`slug`,`locale`),
  KEY `craft_elements_i18n_enabled_idx` (`enabled`),
  KEY `craft_elements_i18n_locale_fk` (`locale`)
) ENGINE=InnoDB AUTO_INCREMENT=49 DEFAULT CHARSET=utf8 COLLATE=utf8_unicode_ci;

--
-- Data for table `craft_elements_i18n`
--

INSERT INTO `craft_elements_i18n` (`id`, `elementId`, `locale`, `slug`, `uri`, `enabled`, `dateCreated`, `dateUpdated`, `uid`) VALUES
 ('1', '1', 'en_us', '', NULL, '1', '2016-09-29 06:51:54', '2016-10-03 01:19:59', '90be0323-99c9-44c1-92ee-b5535d54bf25'),
 ('2', '2', 'en_us', 'homepage', '__home__', '1', '2016-09-29 06:51:56', '2016-10-06 03:49:36', 'cebf3e88-54e6-4aea-8dc6-efbfd05525ec'),
 ('5', '5', 'en_us', 'thumbnail', NULL, '1', '2016-10-02 23:48:56', '2016-10-03 00:35:59', 'fa249c80-5168-4cd0-937d-75318b2ee1a2'),
 ('6', '6', 'en_us', 'coffee', NULL, '1', '2016-10-03 00:35:59', '2016-10-03 00:36:00', '372594ab-cebb-4dca-adee-c9299b402c2b'),
 ('7', '7', 'en_us', 'dream-coat', NULL, '1', '2016-10-03 00:36:00', '2016-10-03 00:36:01', '40e67441-fb2f-4a0c-a876-965b5910c91a'),
 ('8', '8', 'en_us', 'aerial', NULL, '1', '2016-10-03 00:36:01', '2016-10-03 00:36:01', '47ffe960-1f93-469d-89e0-4983cb099c40'),
 ('9', '9', 'en_us', 'drinking', NULL, '1', '2016-10-03 00:36:01', '2016-10-03 00:36:02', 'a5851799-2e95-4165-8fdf-29f0fd30ca26'),
 ('10', '10', 'en_us', 'fence-girl', NULL, '1', '2016-10-03 00:36:02', '2016-10-03 00:36:02', 'e36b149b-1e7f-4f3d-b6bb-88bbb1071c42'),
 ('11', '11', 'en_us', 'flowers', NULL, '1', '2016-10-03 00:36:03', '2016-10-03 00:36:03', '861dbf8d-4e43-4f91-8230-739a0f8bf41b'),
 ('12', '12', 'en_us', 'hipster', NULL, '1', '2016-10-03 00:36:03', '2016-10-03 00:36:04', '28f27efd-61e8-4616-8bb2-08135118e53e'),
 ('13', '13', 'en_us', 'ice', NULL, '1', '2016-10-03 00:36:04', '2016-10-03 00:36:05', 'a623ca91-bb25-4e94-b36a-637a793ff52f'),
 ('14', '14', 'en_us', 'man-mountains', NULL, '1', '2016-10-03 00:36:05', '2016-10-03 00:36:06', '19edc1b2-4f25-4fef-8fcf-ee625dc04df8'),
 ('15', '15', 'en_us', 'mountains', NULL, '1', '2016-10-03 00:36:06', '2016-10-03 00:36:06', 'f3675498-6948-435e-8f5c-46198534684c'),
 ('16', '16', 'en_us', 'scooter', NULL, '1', '2016-10-03 00:36:06', '2016-10-03 00:36:07', 'f919094c-4fd2-485f-aa17-97895ec919e1'),
 ('30', '30', 'en_us', 'national', 'channels/national', '1', '2016-10-03 08:56:33', '2016-10-03 08:56:34', '98327540-4a77-4800-aaeb-75a4485deee1'),
 ('31', '31', 'en_us', 'world-1', 'channels/world-1', '1', '2016-10-03 08:56:42', '2016-10-03 08:56:42', 'c23a3ce1-9d6a-4b81-b79c-a7752e651250'),
 ('32', '32', 'en_us', 'lifestyle', 'channels/lifestyle', '1', '2016-10-03 08:56:52', '2016-10-03 08:56:52', '9b31293b-0fbf-4226-8a39-35f5bbc00197'),
 ('33', '33', 'en_us', 'travel', 'channels/travel', '1', '2016-10-03 08:56:59', '2016-10-03 08:57:00', '470f9552-1370-4296-99e0-57d2d2d189b2'),
 ('34', '34', 'en_us', 'entertainment-1', 'channels/entertainment-1', '1', '2016-10-03 08:57:05', '2016-10-03 08:57:06', '1158e3b3-653e-4705-8629-ba2c93472ba7'),
 ('35', '35', 'en_us', 'technology', 'channels/technology', '1', '2016-10-03 08:57:14', '2016-10-03 08:57:15', 'b82eb016-5b58-4f39-98b3-f7e4141bbad1'),
 ('36', '36', 'en_us', 'finance', 'channels/finance', '1', '2016-10-03 08:57:23', '2016-10-03 08:57:23', '13f062fc-94e6-4cc7-833d-5061adb43fee'),
 ('37', '37', 'en_us', 'sport', 'channels/sport', '1', '2016-10-03 08:57:29', '2016-10-03 08:57:30', 'ff2d1f1a-ac14-4143-a7b4-a65bf7c32b5e'),
 ('38', '38', 'en_us', 'hello-world', 'posts/hello-world', '1', '2016-10-03 09:05:16', '2016-10-03 10:46:28', 'f445b129-fb01-48a0-9a0e-31efb3633a64'),
 ('39', '39', 'en_us', 'coffee', 'posts/coffee', '1', '2016-10-03 09:06:38', '2016-10-03 10:46:28', 'bf78f428-516e-4888-b495-0a64b2449c45'),
 ('40', '40', 'en_us', 'dream-coat', 'posts/dream-coat', '1', '2016-10-03 09:07:23', '2016-10-03 10:46:28', '1fccbfda-30b3-4f8c-9626-bb2a2cec9bd9'),
 ('41', '41', 'en_us', 'drinking', 'posts/drinking', '1', '2016-10-03 09:08:05', '2016-10-03 10:46:28', '03049f5d-8284-4cc8-93e4-d838d2fc66ba'),
 ('42', '42', 'en_us', 'girl-looking', 'posts/girl-looking', '1', '2016-10-03 09:09:00', '2016-10-03 10:46:28', 'ec322ae5-11de-4ddf-ba0a-7576bf458482'),
 ('43', '43', 'en_us', 'flowers', 'posts/flowers', '1', '2016-10-03 09:09:51', '2016-10-03 10:46:28', '119c6b74-0255-413a-bac0-538f29283d22'),
 ('44', '44', 'en_us', 'hipster-yoda', 'posts/hipster-yoda', '1', '2016-10-03 09:10:36', '2016-10-03 10:46:28', 'd0acdad1-f038-418f-a508-f5b55283d467'),
 ('45', '45', 'en_us', 'icy-sky', 'posts/icy-sky', '1', '2016-10-03 09:11:52', '2016-10-03 10:46:28', '27bb4652-f984-460f-87ee-be2944927607'),
 ('46', '46', 'en_us', '100m-show-could-be-the-next-game-of-thrones', 'posts/100m-show-could-be-the-next-game-of-thrones', '1', '2016-10-03 09:15:14', '2016-10-03 11:36:00', '378891f2-07fd-48cc-a320-bbae1b6e270c'),
 ('47', '47', 'en_us', 'contact', 'contact', '1', '2016-10-06 03:44:20', '2016-10-06 03:50:32', 'c03c0a93-ae23-4d63-8773-ad47080c308d'),
 ('48', '48', 'en_us', 'sometimes-you-just-want-a-test-article-so-you-can-see-all-of-the-things', 'posts/sometimes-you-just-want-a-test-article-so-you-can-see-all-of-the-things', '1', '2016-10-06 04:39:22', '2016-10-06 04:55:38', '0fdde90f-f370-43d6-aa5f-c04cb482f4f1');



DROP TABLE IF EXISTS `craft_emailmessages`;


--
-- Schema for table `craft_emailmessages`
--
CREATE TABLE `craft_emailmessages` (
  `id` int(11) NOT NULL AUTO_INCREMENT,
  `key` char(150) COLLATE utf8_unicode_ci NOT NULL,
  `locale` char(12) COLLATE utf8_unicode_ci NOT NULL,
  `subject` varchar(1000) COLLATE utf8_unicode_ci NOT NULL,
  `body` text COLLATE utf8_unicode_ci NOT NULL,
  `dateCreated` datetime NOT NULL,
  `dateUpdated` datetime NOT NULL,
  `uid` char(36) COLLATE utf8_unicode_ci NOT NULL DEFAULT '0',
  PRIMARY KEY (`id`),
  UNIQUE KEY `craft_emailmessages_key_locale_unq_idx` (`key`,`locale`),
  KEY `craft_emailmessages_locale_fk` (`locale`)
) ENGINE=InnoDB DEFAULT CHARSET=utf8 COLLATE=utf8_unicode_ci;

DROP TABLE IF EXISTS `craft_entries`;


--
-- Schema for table `craft_entries`
--
CREATE TABLE `craft_entries` (
  `id` int(11) NOT NULL,
  `sectionId` int(11) NOT NULL,
  `typeId` int(11) DEFAULT NULL,
  `authorId` int(11) DEFAULT NULL,
  `postDate` datetime DEFAULT NULL,
  `expiryDate` datetime DEFAULT NULL,
  `dateCreated` datetime NOT NULL,
  `dateUpdated` datetime NOT NULL,
  `uid` char(36) COLLATE utf8_unicode_ci NOT NULL DEFAULT '0',
  PRIMARY KEY (`id`),
  KEY `craft_entries_sectionId_idx` (`sectionId`),
  KEY `craft_entries_typeId_idx` (`typeId`),
  KEY `craft_entries_postDate_idx` (`postDate`),
  KEY `craft_entries_expiryDate_idx` (`expiryDate`),
  KEY `craft_entries_authorId_fk` (`authorId`)
) ENGINE=InnoDB DEFAULT CHARSET=utf8 COLLATE=utf8_unicode_ci;

--
-- Data for table `craft_entries`
--

INSERT INTO `craft_entries` (`id`, `sectionId`, `typeId`, `authorId`, `postDate`, `expiryDate`, `dateCreated`, `dateUpdated`, `uid`) VALUES
 ('2', '1', '1', NULL, '2016-10-02 23:29:37', NULL, '2016-09-29 06:51:56', '2016-10-06 03:49:36', 'c379fee8-01ff-46c9-8505-db61017bfccb'),
 ('38', '6', '6', '1', '2016-10-03 09:05:00', NULL, '2016-10-03 09:05:16', '2016-10-03 09:45:35', '29a3ca3d-07db-4aae-b55e-e1058256d13d'),
 ('39', '6', '6', '1', '2016-10-03 09:06:00', NULL, '2016-10-03 09:06:38', '2016-10-03 09:44:56', 'c9334947-cf1b-4574-bfba-08f381534bd2'),
 ('40', '6', '6', '1', '2016-10-03 09:07:23', NULL, '2016-10-03 09:07:23', '2016-10-03 09:07:23', '6c530a50-ff3f-49d2-9a4e-65b67b5b5212'),
 ('41', '6', '6', '1', '2016-10-03 09:08:05', NULL, '2016-10-03 09:08:05', '2016-10-03 09:08:05', 'b638cf16-712c-4f21-9575-0722e3011f04'),
 ('42', '6', '6', '1', '2016-10-03 09:09:00', NULL, '2016-10-03 09:09:00', '2016-10-03 09:09:00', 'ac874fdf-01f0-46e8-b9a2-51a8a9b26d45'),
 ('43', '6', '6', '1', '2016-10-03 09:09:00', NULL, '2016-10-03 09:09:51', '2016-10-03 09:44:34', 'f231d3c8-26ab-4630-8929-c700df66b3e1'),
 ('44', '6', '6', '1', '2016-10-03 09:10:00', NULL, '2016-10-03 09:10:36', '2016-10-03 09:44:21', 'db3433d2-4f8b-4836-8af5-e02dc222800a'),
 ('45', '6', '6', '1', '2016-10-03 09:11:52', NULL, '2016-10-03 09:11:52', '2016-10-03 09:11:52', 'f9b5b461-f547-45d9-b467-52fe127961a8'),
 ('46', '6', '7', '1', '2016-10-03 09:15:00', NULL, '2016-10-03 09:15:14', '2016-10-03 11:36:00', '80ed06fa-fed0-48a6-a132-52691d26faac'),
 ('47', '7', NULL, NULL, '2016-10-06 03:44:20', NULL, '2016-10-06 03:44:20', '2016-10-06 03:50:32', '333694e5-4212-4bbb-87d9-4802544a11f5'),
 ('48', '6', '7', '1', '2016-10-06 04:39:00', NULL, '2016-10-06 04:39:22', '2016-10-06 04:55:38', '5b486ba0-fe84-4b32-b042-c64ed06e7ffa');



DROP TABLE IF EXISTS `craft_entrydrafts`;


--
-- Schema for table `craft_entrydrafts`
--
CREATE TABLE `craft_entrydrafts` (
  `id` int(11) NOT NULL AUTO_INCREMENT,
  `entryId` int(11) NOT NULL,
  `sectionId` int(11) NOT NULL,
  `creatorId` int(11) NOT NULL,
  `locale` char(12) COLLATE utf8_unicode_ci NOT NULL,
  `name` varchar(255) COLLATE utf8_unicode_ci NOT NULL,
  `notes` tinytext COLLATE utf8_unicode_ci,
  `data` mediumtext COLLATE utf8_unicode_ci NOT NULL,
  `dateCreated` datetime NOT NULL,
  `dateUpdated` datetime NOT NULL,
  `uid` char(36) COLLATE utf8_unicode_ci NOT NULL DEFAULT '0',
  PRIMARY KEY (`id`),
  KEY `craft_entrydrafts_entryId_locale_idx` (`entryId`,`locale`),
  KEY `craft_entrydrafts_sectionId_fk` (`sectionId`),
  KEY `craft_entrydrafts_creatorId_fk` (`creatorId`),
  KEY `craft_entrydrafts_locale_fk` (`locale`)
) ENGINE=InnoDB DEFAULT CHARSET=utf8 COLLATE=utf8_unicode_ci;

DROP TABLE IF EXISTS `craft_entrytypes`;


--
-- Schema for table `craft_entrytypes`
--
CREATE TABLE `craft_entrytypes` (
  `id` int(11) NOT NULL AUTO_INCREMENT,
  `sectionId` int(11) NOT NULL,
  `fieldLayoutId` int(11) DEFAULT NULL,
  `name` varchar(255) COLLATE utf8_unicode_ci NOT NULL,
  `handle` varchar(255) COLLATE utf8_unicode_ci NOT NULL,
  `hasTitleField` tinyint(1) unsigned NOT NULL DEFAULT '1',
  `titleLabel` varchar(255) COLLATE utf8_unicode_ci DEFAULT 'Title',
  `titleFormat` varchar(255) COLLATE utf8_unicode_ci DEFAULT NULL,
  `sortOrder` smallint(6) unsigned DEFAULT NULL,
  `dateCreated` datetime NOT NULL,
  `dateUpdated` datetime NOT NULL,
  `uid` char(36) COLLATE utf8_unicode_ci NOT NULL DEFAULT '0',
  PRIMARY KEY (`id`),
  UNIQUE KEY `craft_entrytypes_name_sectionId_unq_idx` (`name`,`sectionId`),
  UNIQUE KEY `craft_entrytypes_handle_sectionId_unq_idx` (`handle`,`sectionId`),
  KEY `craft_entrytypes_sectionId_fk` (`sectionId`),
  KEY `craft_entrytypes_fieldLayoutId_fk` (`fieldLayoutId`)
) ENGINE=InnoDB AUTO_INCREMENT=9 DEFAULT CHARSET=utf8 COLLATE=utf8_unicode_ci;

--
-- Data for table `craft_entrytypes`
--

INSERT INTO `craft_entrytypes` (`id`, `sectionId`, `fieldLayoutId`, `name`, `handle`, `hasTitleField`, `titleLabel`, `titleFormat`, `sortOrder`, `dateCreated`, `dateUpdated`, `uid`) VALUES
 ('1', '1', '3', 'Homepage', 'homepage', '1', 'Title', NULL, '1', '2016-09-29 06:51:56', '2016-09-29 06:51:57', 'aa60b476-3bb3-4963-9e20-0ac47bb9f310'),
 ('6', '6', '21', 'Social', 'social', '1', 'Title', NULL, '1', '2016-10-03 08:59:52', '2016-10-03 09:01:11', '1bbb92dc-1148-4db2-8184-71086a1e96c8'),
 ('7', '6', '23', 'Article', 'article', '1', 'Title', NULL, '2', '2016-10-03 09:03:07', '2016-10-03 11:34:50', '407c675e-3384-4481-b1d6-c54bdd9318e8'),
 ('8', '7', '27', 'Contact', 'contact', '1', 'Title', NULL, '1', '2016-10-06 03:44:20', '2016-10-06 03:49:13', 'c343bdab-2d08-4d51-9d57-15838a02bec0');



DROP TABLE IF EXISTS `craft_entryversions`;


--
-- Schema for table `craft_entryversions`
--
CREATE TABLE `craft_entryversions` (
  `id` int(11) NOT NULL AUTO_INCREMENT,
  `entryId` int(11) NOT NULL,
  `sectionId` int(11) NOT NULL,
  `creatorId` int(11) DEFAULT NULL,
  `locale` char(12) COLLATE utf8_unicode_ci NOT NULL,
  `num` smallint(6) unsigned NOT NULL,
  `notes` tinytext COLLATE utf8_unicode_ci,
  `data` mediumtext COLLATE utf8_unicode_ci NOT NULL,
  `dateCreated` datetime NOT NULL,
  `dateUpdated` datetime NOT NULL,
  `uid` char(36) COLLATE utf8_unicode_ci NOT NULL DEFAULT '0',
  PRIMARY KEY (`id`),
  KEY `craft_entryversions_entryId_locale_idx` (`entryId`,`locale`),
  KEY `craft_entryversions_sectionId_fk` (`sectionId`),
  KEY `craft_entryversions_creatorId_fk` (`creatorId`),
  KEY `craft_entryversions_locale_fk` (`locale`)
) ENGINE=InnoDB AUTO_INCREMENT=60 DEFAULT CHARSET=utf8 COLLATE=utf8_unicode_ci;

--
-- Data for table `craft_entryversions`
--

INSERT INTO `craft_entryversions` (`id`, `entryId`, `sectionId`, `creatorId`, `locale`, `num`, `notes`, `data`, `dateCreated`, `dateUpdated`, `uid`) VALUES
 ('1', '2', '1', '1', 'en_us', '1', NULL, '{\"typeId\":\"1\",\"authorId\":null,\"title\":\"Homepage\",\"slug\":\"homepage\",\"postDate\":1475131916,\"expiryDate\":null,\"enabled\":1,\"parentId\":null,\"fields\":[]}', '2016-09-29 06:51:56', '2016-09-29 06:51:56', '8303a94f-0110-4812-9b53-a99dd495ae54'),
 ('2', '2', '1', '1', 'en_us', '2', NULL, '{\"typeId\":null,\"authorId\":null,\"title\":\"Welcome to Cog-boilerplate-craft.dev!\",\"slug\":\"homepage\",\"postDate\":1475131916,\"expiryDate\":null,\"enabled\":\"1\",\"parentId\":null,\"fields\":{\"1\":\"<p>It\\u2019s true, this site doesn\\u2019t have a whole lot of content yet, but don\\u2019t worry. Our web developers have just installed the CMS, and they\\u2019re setting things up for the content editors this very moment. Soon Cog-boilerplate-craft.dev will be an oasis of fresh perspectives, sharp analyses, and astute opinions that will keep you coming back again and again.<\\/p>\"}}', '2016-09-29 06:51:57', '2016-09-29 06:51:57', '8f732c27-ef34-43a2-a388-6fc613b2aeb2'),
 ('35', '38', '6', '1', 'en_us', '1', '', '{\"typeId\":\"6\",\"authorId\":\"1\",\"title\":\"Hello World\",\"slug\":\"hello-world\",\"postDate\":1475485516,\"expiryDate\":null,\"enabled\":1,\"parentId\":null,\"fields\":{\"11\":[\"30\"],\"8\":[\"8\"],\"3\":\"https:\\/\\/www.instagram.com\\/p\\/BKrobzCBu1Q\\/?taken-by=nickiminaj\",\"5\":\"instagram\",\"7\":\"nickiminaj\",\"6\":\"<p>Hello world. Testing 123.<\\/p>\"}}', '2016-10-03 09:05:16', '2016-10-03 09:05:16', '48811702-4318-4045-89d9-6cc3d98709a5'),
 ('36', '39', '6', '1', 'en_us', '1', '', '{\"typeId\":\"6\",\"authorId\":\"1\",\"title\":\"Coffee\",\"slug\":\"coffee\",\"postDate\":1475485598,\"expiryDate\":null,\"enabled\":1,\"parentId\":null,\"fields\":{\"11\":\"\",\"8\":\"\",\"3\":\"https:\\/\\/www.instagram.com\\/p\\/BK1ixfeD8pJ\\/?taken-by=kumaniko\",\"5\":\"twitter\",\"7\":\"kumaniko\",\"6\":\"<p>In the studio w\\/&nbsp;<a class=\\\"notranslate\\\" href=\\\"https:\\/\\/www.instagram.com\\/htndi\\/\\\">@htndi<\\/a>&nbsp;and all his gorgeous seriousness.&nbsp;<a href=\\\"https:\\/\\/www.instagram.com\\/explore\\/tags\\/melbourne\\/\\\">#melbourne<\\/a>&nbsp;<a href=\\\"https:\\/\\/www.instagram.com\\/explore\\/tags\\/melbourneiloveyou\\/\\\">#melbourneiloveyou<\\/a>&nbsp;<a href=\\\"https:\\/\\/www.instagram.com\\/explore\\/tags\\/studio\\/\\\">#studio<\\/a><a href=\\\"https:\\/\\/www.instagram.com\\/explore\\/tags\\/portrait\\/\\\">#portrait<\\/a>&nbsp;<a href=\\\"https:\\/\\/www.instagram.com\\/explore\\/tags\\/portraitpage\\/\\\">#portraitpage<\\/a>&nbsp;<a href=\\\"https:\\/\\/www.instagram.com\\/explore\\/tags\\/blackandwhite\\/\\\">#blackandwhite<\\/a><a href=\\\"https:\\/\\/www.instagram.com\\/explore\\/tags\\/blackandwhiteisworththefight\\/\\\">#blackandwhiteisworththefight<\\/a><\\/p>\"}}', '2016-10-03 09:06:38', '2016-10-03 09:06:38', 'b2e5952f-380c-45cd-a9c9-fa0547bc88bb'),
 ('37', '40', '6', '1', 'en_us', '1', '', '{\"typeId\":\"6\",\"authorId\":\"1\",\"title\":\"Dream Coat\",\"slug\":\"dream-coat\",\"postDate\":1475485643,\"expiryDate\":null,\"enabled\":1,\"parentId\":null,\"fields\":{\"11\":[\"31\"],\"8\":[\"7\"],\"3\":\"https:\\/\\/www.instagram.com\\/p\\/BLColkLDFFJ\\/?taken-by=kumaniko\",\"5\":\"facebook\",\"7\":\"kumaniko\",\"6\":\"<p>When the dance is over. w\\/&nbsp;<a class=\\\"notranslate\\\" href=\\\"https:\\/\\/www.instagram.com\\/nellyskf\\/\\\">@nellyskf<\\/a>&nbsp;<\\/p>\"}}', '2016-10-03 09:07:23', '2016-10-03 09:07:23', 'e0b7fa11-6e95-45a4-b6e2-20cf42b567bc'),
 ('38', '41', '6', '1', 'en_us', '1', '', '{\"typeId\":\"6\",\"authorId\":\"1\",\"title\":\"Drinking\",\"slug\":\"drinking\",\"postDate\":1475485685,\"expiryDate\":null,\"enabled\":1,\"parentId\":null,\"fields\":{\"11\":[\"32\"],\"8\":[\"9\"],\"3\":\"https:\\/\\/www.instagram.com\\/p\\/BLCn_-KhXFf\\/?taken-by=blancandwhitestudio\",\"5\":\"twitter\",\"7\":\" someuser122aF\",\"6\":\"<p>Leave your mark&nbsp;<a href=\\\"https:\\/\\/www.instagram.com\\/explore\\/tags\\/minimalinspo\\/\\\">#minimalinspo<\\/a>&nbsp;<a href=\\\"https:\\/\\/www.instagram.com\\/explore\\/tags\\/artinspiration\\/\\\">#artinspiration<\\/a><a href=\\\"https:\\/\\/www.instagram.com\\/explore\\/tags\\/sundayfunday\\/\\\">#sundayfunday<\\/a>&nbsp;<a href=\\\"https:\\/\\/www.instagram.com\\/explore\\/tags\\/blancandwhitestyle\\/\\\">#blancandwhitestyle<\\/a><a href=\\\"https:\\/\\/www.instagram.com\\/explore\\/tags\\/blancandwhitestudio\\/\\\">#blancandwhitestudio<\\/a><\\/p>\"}}', '2016-10-03 09:08:05', '2016-10-03 09:08:05', '86257141-8ee9-4d1f-a8a6-6bcda83c10bf'),
 ('39', '42', '6', '1', 'en_us', '1', '', '{\"typeId\":\"6\",\"authorId\":\"1\",\"title\":\"Girl looking\",\"slug\":\"girl-looking\",\"postDate\":1475485740,\"expiryDate\":null,\"enabled\":1,\"parentId\":null,\"fields\":{\"11\":[\"33\"],\"8\":[\"10\"],\"3\":\"https:\\/\\/www.instagram.com\\/p\\/BIp9xB5jmzI\\/?taken-by=taylorswift\",\"5\":\"twitter\",\"7\":\"johnrobinson87\",\"6\":\"<p>Fermentum Euismod&nbsp;<a href=\\\"http:\\/\\/cog-boilerplate-craft.dev\\/admin\\/entries\\/social\\/20-something-amazing#\\\">#Nullam<\\/a>&nbsp;<a href=\\\"http:\\/\\/cog-boilerplate-craft.dev\\/admin\\/entries\\/social\\/20-something-amazing#\\\">#Ipsum<\\/a>&nbsp;<a href=\\\"http:\\/\\/cog-boilerplate-craft.dev\\/admin\\/entries\\/social\\/20-something-amazing#\\\">#Amet<\\/a><\\/p>\"}}', '2016-10-03 09:09:00', '2016-10-03 09:09:00', 'a049160a-3dd6-405d-8ac2-4210db511b0e'),
 ('40', '43', '6', '1', 'en_us', '1', '', '{\"typeId\":\"6\",\"authorId\":\"1\",\"title\":\"Flowers\",\"slug\":\"flowers\",\"postDate\":1475485791,\"expiryDate\":null,\"enabled\":1,\"parentId\":null,\"fields\":{\"11\":\"\",\"8\":\"\",\"3\":\"https:\\/\\/www.instagram.com\\/p\\/BKKTaciDtRM\\/\",\"5\":\"twitter\",\"7\":\"taylorswift\",\"6\":\"<p>Clearly all of us were able to remain calm at Gigi\'s show. Especially<a href=\\\"#\\\">@anwarhadid<\\/a>.<\\/p>\"}}', '2016-10-03 09:09:51', '2016-10-03 09:09:51', '4d0e4770-f269-4c83-b68b-b9de93818dc3'),
 ('41', '44', '6', '1', 'en_us', '1', '', '{\"typeId\":\"6\",\"authorId\":\"1\",\"title\":\"Hipster Yoda\",\"slug\":\"hipster-yoda\",\"postDate\":1475485836,\"expiryDate\":null,\"enabled\":1,\"parentId\":null,\"fields\":{\"11\":[\"34\"],\"8\":\"\",\"3\":\"https:\\/\\/www.instagram.com\\/p\\/BK43RA7Dy4b\\/?taken-by=triplejhack\",\"5\":\"twitter\",\"7\":\"triplejhack\",\"6\":\"<p>The Church of Scientology is known for its celebrity devotees and its roots in Hollywood - but what about its following in Australia? Is the religion attracting more Aussies looking for a new faith? Find out from 5:30 when we chat to former Hack host Steve Cannane about his new book investigating scientology in Oz.<\\/p>\"}}', '2016-10-03 09:10:36', '2016-10-03 09:10:36', '2a5e88de-7c19-4ddc-9b36-b5be5b9f8d18'),
 ('42', '45', '6', '1', 'en_us', '1', '', '{\"typeId\":\"6\",\"authorId\":\"1\",\"title\":\"Icy Sky\",\"slug\":\"icy-sky\",\"postDate\":1475485912,\"expiryDate\":null,\"enabled\":1,\"parentId\":null,\"fields\":{\"11\":[\"35\"],\"8\":[\"13\"],\"3\":\"https:\\/\\/www.instagram.com\\/p\\/BLAZRRDBFGY\\/?taken-by=chelsea.brice.style\",\"5\":\"twitter\",\"7\":\"techno-babble\",\"6\":\"<p>Duis mollis, est non commodo luctus, nisi erat porttitor ligula, eget lacinia odio sem nec elit. Maecenas faucibus mollis interdum. Vestibulum id ligula porta felis euismod semper. Sed posuere consectetur est at lobortis.<\\/p>\"}}', '2016-10-03 09:11:52', '2016-10-03 09:11:52', '1cc0f049-7b4c-41da-827e-4fead9c8fa94'),
 ('43', '46', '6', '1', 'en_us', '1', '', '{\"typeId\":\"7\",\"authorId\":\"1\",\"title\":\"$100m show could be the next Game of Thrones\",\"slug\":\"100m-show-could-be-the-next-game-of-thrones\",\"postDate\":1475486114,\"expiryDate\":null,\"enabled\":1,\"parentId\":null,\"fields\":{\"9\":\"WITH Game of Thrones nearing the end of its run, HBO is desperate for another big, buzzy drama hit.\",\"11\":[\"34\"],\"8\":[\"8\"],\"6\":\"<p>It had hoped&nbsp;Vinyl&nbsp;would fill that spot but the 70s-set music series flopped like Homer Simpson diving off a 10-metre board. So it really needs a success story with&nbsp;Westworld, an ambitious sci-fi western that cost $100 million to make.<\\/p>\\r\\n\\r\\n<p>Based on Michael Crichton\\u2019s 1973 cult movie, the revamped concept was developed by Jonathan Nolan and Lisa Joy, with J.J. Abrams on board as executive producer.<\\/p>\\r\\n\\r\\n<p>On the surface, Westworld is a gigantic \\u201ctheme park\\u201d where rich people go for an all-encompassing experience of the Wild West, a place designed to seduce everyone who sets foot inside it.<\\/p>\\r\\n\\r\\n<p>Only none of the park inhabitants are real. They\\u2019re all robots &mdash; incredibly sophisticated robots, called \\u201chosts\\u201d, with absolutely no idea they\\u2019re not real. They interact with the park\\u2019s guests and with each other, with perfect mimicry of human features, gestures and speech. They\\u2019re programmed to feel the whole gamut of human emotions, from love to fear. They also feel pain.<\\/p>\\r\\n\\r\\n<p>These unfortunate beings only serve as the playthings of the cashed-up customers that visit Westworld, serving as a romp in the sack or a guide on a hunt for dangerous fugitives in the hills. Sometimes, a guest\\u2019s desires are more grotesque with rape fantasies and senseless, gory violence on the cards. And through it all, the hosts take it.<\\/p>\\r\\n\\r\\n<p><img src=\\\"http:\\/\\/cdn.newsapi.com.au\\/image\\/v1\\/a0a549c2c7d18bdaed4836befc508c4d\\\" width=\\\"650\\\" height=\\\"366\\\" style=\\\"box-sizing: border-box; font-size: 19px;\\\"><\\/p>\\r\\n\\r\\n<p>Can you trust what you see?Source:Supplied<\\/p>\\r\\n\\r\\n\\r\\n\\r\\n<p>It\\u2019s emphasised again and again that they\\u2019re not real, merely synthetic models and lines of computer code. Their memories are also wiped at the end of every interaction and their days restart in exactly the same way.<\\/p>\\r\\n\\r\\n<p>Of course, it wouldn\\u2019t be a story worthy of $100 million if there wasn\\u2019t a snafu. A new update to the hosts leaves a few glitching, able to recall past memories.<\\/p>\\r\\n\\r\\n<p>The malfunctioning hosts are recalled and either \\u201ccleared\\u201d to go back in or \\u201cdecommissioned\\u201d into cold storage in the basement, a horrifying tableau that could send anyone with a fear of mannequins into a spin.<\\/p>\\r\\n\\r\\n<p>The corporation that runs the park and its enigmatic founder Robert Ford (Anthony Hopkins) are playing god, creating the narratives and the personalities that inhabit the park. There\\u2019s clearly a secret plan, or possibly several, beyond the adult playground.<\\/p>\\r\\n\\r\\n<p>In the original 1973 movie, the robots rebel and fight back, sick of being at the sticky end of the guests\\u2019 whims.<\\/p>\\r\\n\\r\\n<p>Here, at least in the first handful of episodes, there\\u2019s a hint of what\\u2019s to come as some of the hosts begin to display what could be sentience. An early reference to a \\u201ccritical incident\\u201d in the park 30 years ago is foreboding.<\\/p>\\r\\n\\r\\n<p>The cold world of the human puppeteers is also filled with intrigue as opaque and opposing agendas are teased out bit by bit. There\\u2019s a lot to unravel for a committed viewer.<\\/p>\\r\\n\\r\\n<p>At times the dialogue is heavy with exposition but there is a lot to take in, with several subplots that will, presumably, come together.<\\/p>\\r\\n\\r\\n<p><img src=\\\"http:\\/\\/cdn.newsapi.com.au\\/image\\/v1\\/8c2635d83ae447215df862f0e49a9cb1\\\" width=\\\"650\\\" height=\\\"366\\\" style=\\\"box-sizing: border-box; font-size: 19px;\\\"><\\/p>\\r\\n\\r\\n<p>The \\u2018human\\u2019 world.Source:Supplied<\\/p>\\r\\n\\r\\n\\r\\n\\r\\n\\r\\n\\r\\n<p>The production values of&nbsp;Westworld&nbsp;gives us two visually stunning, richly textured worlds &mdash; the open vistas and dusty Wild West of the park and the steely, hi-tech and claustrophobic atmosphere of the human quarters.<\\/p>\\r\\n\\r\\n<p>The attention in the set design is highly impressive from the smallest detail in the saloon to Ford\\u2019s office with its wall of masks. The process in which new hosts are created means you\\u2019ll never look at another 3D printer the same way. You can see where all that production money was spent.<\\/p>\\r\\n\\r\\n<p>Given the Crichton connection, it would be easy to dismiss&nbsp;Westworld&nbsp;as&nbsp;Jurassic Park&nbsp;with robots. But that would miss its depth as a TV show unafraid to ask the big question about life: What does it mean to be human?<\\/p>\\r\\n\\r\\n<p>If we are, as many have posited, an amalgam of our memories, emotions and experiences, then how do we differ from artificial beings capable of remembering and feeling?<\\/p>\\r\\n\\r\\n<p>One of the things&nbsp;Westworld&nbsp;does especially well is to build out the characterisation of the host characters, beings that, technically, have no personalities. The actors embodying the hosts &mdash; Evan Rachel Wood and Thandie Newton among them &mdash; have done a spectacular job in making them seem real while always reminding us they\\u2019re not with a timely twitch or blank look.<\\/p>\\r\\n\\r\\n<p>That the hosts often feel more empathetic and rounded out than the human characters is no accident.&nbsp;Westworld&nbsp;is challenging us to think about evolution and human progress and, as one glitching host puts it, \\u201cthe question you\\u2019re not supposed to ask, answers you\\u2019re not supposed to know\\u201d.<\\/p>\\r\\n\\r\\n<p>The complexity of the story, as well as the ambitious scope of its production will easily invite comparisons to&nbsp;Game of Thrones. It\\u2019s the closest HBO has come to a drama that has the same level of characterisation, narrative drive and a general sense that this could be the next thing to blow up in the Zeitgeist.<\\/p>\\r\\n\\r\\n<p>While a few years ago, you\\u2019d be right to be sceptical that a mishmash of sci-fi and western could be embraced by a mainstream audience, let\\u2019s remember that&nbsp;Game of Thrones&nbsp;is a fantasy series with dragons and giants.<\\/p>\\r\\n\\r\\n<p>Westworld&nbsp;airs on Showcase on Foxtel at 12pm and 8.30pm on Mondays.<\\/p>\"}}', '2016-10-03 09:15:14', '2016-10-03 09:15:14', '6a1eeb95-acc3-459a-b09c-5ac16d0848e1'),
 ('44', '44', '6', '1', 'en_us', '2', '', '{\"typeId\":\"6\",\"authorId\":\"1\",\"title\":\"Hipster Yoda\",\"slug\":\"hipster-yoda\",\"postDate\":1475485800,\"expiryDate\":null,\"enabled\":1,\"parentId\":null,\"fields\":{\"11\":[\"34\"],\"8\":[\"12\"],\"3\":\"https:\\/\\/www.instagram.com\\/p\\/BK43RA7Dy4b\\/?taken-by=triplejhack\",\"5\":\"twitter\",\"7\":\"triplejhack\",\"6\":\"<p>The Church of Scientology is known for its celebrity devotees and its roots in Hollywood - but what about its following in Australia? Is the religion attracting more Aussies looking for a new faith? Find out from 5:30 when we chat to former Hack host Steve Cannane about his new book investigating scientology in Oz.<\\/p>\"}}', '2016-10-03 09:44:21', '2016-10-03 09:44:21', 'b67ec18a-0506-48dd-9c11-286f6a5307af'),
 ('45', '43', '6', '1', 'en_us', '2', '', '{\"typeId\":\"6\",\"authorId\":\"1\",\"title\":\"Flowers\",\"slug\":\"flowers\",\"postDate\":1475485740,\"expiryDate\":null,\"enabled\":1,\"parentId\":null,\"fields\":{\"11\":[\"31\"],\"8\":[\"11\"],\"3\":\"https:\\/\\/www.instagram.com\\/p\\/BKKTaciDtRM\\/\",\"5\":\"twitter\",\"7\":\"taylorswift\",\"6\":\"<p>Clearly all of us were able to remain calm at Gigi\'s show. Especially<a href=\\\"#\\\">@anwarhadid<\\/a>.<\\/p>\"}}', '2016-10-03 09:44:34', '2016-10-03 09:44:34', 'f541cfc2-605b-4429-889d-0361d8d1015e'),
 ('46', '39', '6', '1', 'en_us', '2', '', '{\"typeId\":\"6\",\"authorId\":\"1\",\"title\":\"Coffee\",\"slug\":\"coffee\",\"postDate\":1475485560,\"expiryDate\":null,\"enabled\":1,\"parentId\":null,\"fields\":{\"11\":[\"32\"],\"8\":[\"6\"],\"3\":\"https:\\/\\/www.instagram.com\\/p\\/BK1ixfeD8pJ\\/?taken-by=kumaniko\",\"5\":\"twitter\",\"7\":\"kumaniko\",\"6\":\"<p>In the studio w\\/&nbsp;<a class=\\\"notranslate\\\" href=\\\"https:\\/\\/www.instagram.com\\/htndi\\/\\\">@htndi<\\/a>&nbsp;and all his gorgeous seriousness.&nbsp;<a href=\\\"https:\\/\\/www.instagram.com\\/explore\\/tags\\/melbourne\\/\\\">#melbourne<\\/a>&nbsp;<a href=\\\"https:\\/\\/www.instagram.com\\/explore\\/tags\\/melbourneiloveyou\\/\\\">#melbourneiloveyou<\\/a>&nbsp;<a href=\\\"https:\\/\\/www.instagram.com\\/explore\\/tags\\/studio\\/\\\">#studio<\\/a><a href=\\\"https:\\/\\/www.instagram.com\\/explore\\/tags\\/portrait\\/\\\">#portrait<\\/a>&nbsp;<a href=\\\"https:\\/\\/www.instagram.com\\/explore\\/tags\\/portraitpage\\/\\\">#portraitpage<\\/a>&nbsp;<a href=\\\"https:\\/\\/www.instagram.com\\/explore\\/tags\\/blackandwhite\\/\\\">#blackandwhite<\\/a><a href=\\\"https:\\/\\/www.instagram.com\\/explore\\/tags\\/blackandwhiteisworththefight\\/\\\">#blackandwhiteisworththefight<\\/a><\\/p>\"}}', '2016-10-03 09:44:56', '2016-10-03 09:44:56', '0cbd984b-a8c3-4f27-a30d-1d52fc939272'),
 ('47', '38', '6', '1', 'en_us', '2', '', '{\"typeId\":\"6\",\"authorId\":\"1\",\"title\":\"Mountain Man\",\"slug\":\"hello-world\",\"postDate\":1475485500,\"expiryDate\":null,\"enabled\":1,\"parentId\":null,\"fields\":{\"11\":[\"30\"],\"8\":[\"14\"],\"3\":\"https:\\/\\/www.instagram.com\\/p\\/BKrobzCBu1Q\\/?taken-by=nickiminaj\",\"5\":\"instagram\",\"7\":\"nickiminaj\",\"6\":\"<p>Hello world. Testing 123.<\\/p>\"}}', '2016-10-03 09:45:35', '2016-10-03 09:45:35', '9d04c3d6-2a33-4f9f-b937-07e8f70447c7'),
 ('48', '46', '6', '1', 'en_us', '2', '', '{\"typeId\":\"7\",\"authorId\":\"1\",\"title\":\"$100m show could be the next Game of Thrones\",\"slug\":\"100m-show-could-be-the-next-game-of-thrones\",\"postDate\":1475486100,\"expiryDate\":null,\"enabled\":1,\"parentId\":null,\"fields\":{\"10\":\"<p>Based on Michael Crichton\\u2019s 1973 cult movie, the revamped concept was developed by Jonathan Nolan and Lisa Joy, with J.J. Abrams on board as executive producer.<br><\\/p>\\r\\n\\r\\n<p>On the surface, Westworld is a gigantic \\u201ctheme park\\u201d where rich people go for an all-encompassing experience of the Wild West, a place designed to seduce everyone who sets foot inside it.<\\/p>\\r\\n\\r\\n<p>Only none of the park inhabitants are real. They\\u2019re all robots &mdash; incredibly sophisticated robots, called \\u201chosts\\u201d, with absolutely no idea they\\u2019re not real. They interact with the park\\u2019s guests and with each other, with perfect mimicry of human features, gestures and speech. They\\u2019re programmed to feel the whole gamut of human emotions, from love to fear. They also feel pain.<\\/p>\\r\\n\\r\\n<p>These unfortunate beings only serve as the playthings of the cashed-up customers that visit Westworld, serving as a romp in the sack or a guide on a hunt for dangerous fugitives in the hills. Sometimes, a guest\\u2019s desires are more grotesque with rape fantasies and senseless, gory violence on the cards. And through it all, the hosts take it.<\\/p>\\r\\n\\r\\n<p><img src=\\\"http:\\/\\/cdn.newsapi.com.au\\/image\\/v1\\/a0a549c2c7d18bdaed4836befc508c4d\\\" width=\\\"650\\\" height=\\\"366\\\" alt=\\\"a0a549c2c7d18bdaed4836befc508c4d\\\" style=\\\"font-size: 19px; vertical-align: middle; cursor: pointer; max-width: 100%; height: auto;\\\"><\\/p>\\r\\n\\r\\n<p>Can you trust what you see?Source:Supplied<\\/p>\\r\\n\\r\\n<p>It\\u2019s emphasised again and again that they\\u2019re not real, merely synthetic models and lines of computer code. Their memories are also wiped at the end of every interaction and their days restart in exactly the same way.<\\/p>\\r\\n\\r\\n<p>Of course, it wouldn\\u2019t be a story worthy of $100 million if there wasn\\u2019t a snafu. A new update to the hosts leaves a few glitching, able to recall past memories.<\\/p>\\r\\n\\r\\n<p>The malfunctioning hosts are recalled and either \\u201ccleared\\u201d to go back in or \\u201cdecommissioned\\u201d into cold storage in the basement, a horrifying tableau that could send anyone with a fear of mannequins into a spin.<\\/p>\\r\\n\\r\\n<p>The corporation that runs the park and its enigmatic founder Robert Ford (Anthony Hopkins) are playing god, creating the narratives and the personalities that inhabit the park. There\\u2019s clearly a secret plan, or possibly several, beyond the adult playground.<\\/p>\\r\\n\\r\\n<p>In the original 1973 movie, the robots rebel and fight back, sick of being at the sticky end of the guests\\u2019 whims.<\\/p>\\r\\n\\r\\n<p>Here, at least in the first handful of episodes, there\\u2019s a hint of what\\u2019s to come as some of the hosts begin to display what could be sentience. An early reference to a \\u201ccritical incident\\u201d in the park 30 years ago is foreboding.<\\/p>\\r\\n\\r\\n<p>The cold world of the human puppeteers is also filled with intrigue as opaque and opposing agendas are teased out bit by bit. There\\u2019s a lot to unravel for a committed viewer.<\\/p>\\r\\n\\r\\n<p>At times the dialogue is heavy with exposition but there is a lot to take in, with several subplots that will, presumably, come together.<\\/p>\\r\\n\\r\\n<p><img src=\\\"http:\\/\\/cdn.newsapi.com.au\\/image\\/v1\\/8c2635d83ae447215df862f0e49a9cb1\\\" width=\\\"650\\\" height=\\\"366\\\" alt=\\\"8c2635d83ae447215df862f0e49a9cb1\\\" style=\\\"font-size: 19px; vertical-align: middle; cursor: pointer; max-width: 100%; height: auto;\\\"><\\/p>\\r\\n\\r\\n<p>The \\u2018human\\u2019 world.Source:Supplied<\\/p>\\r\\n\\r\\n<p>The production values of&nbsp;Westworld&nbsp;gives us two visually stunning, richly textured worlds &mdash; the open vistas and dusty Wild West of the park and the steely, hi-tech and claustrophobic atmosphere of the human quarters.<\\/p>\\r\\n\\r\\n<p>The attention in the set design is highly impressive from the smallest detail in the saloon to Ford\\u2019s office with its wall of masks. The process in which new hosts are created means you\\u2019ll never look at another 3D printer the same way. You can see where all that production money was spent.<\\/p>\\r\\n\\r\\n<p>Given the Crichton connection, it would be easy to dismiss&nbsp;Westworld&nbsp;as&nbsp;Jurassic Park&nbsp;with robots. But that would miss its depth as a TV show unafraid to ask the big question about life: What does it mean to be human?<\\/p>\\r\\n\\r\\n<p>If we are, as many have posited, an amalgam of our memories, emotions and experiences, then how do we differ from artificial beings capable of remembering and feeling?<\\/p>\\r\\n\\r\\n<p>One of the things&nbsp;Westworld&nbsp;does especially well is to build out the characterisation of the host characters, beings that, technically, have no personalities. The actors embodying the hosts &mdash; Evan Rachel Wood and Thandie Newton among them &mdash; have done a spectacular job in making them seem real while always reminding us they\\u2019re not with a timely twitch or blank look.<\\/p>\\r\\n\\r\\n<p>That the hosts often feel more empathetic and rounded out than the human characters is no accident.&nbsp;Westworld&nbsp;is challenging us to think about evolution and human progress and, as one glitching host puts it, \\u201cthe question you\\u2019re not supposed to ask, answers you\\u2019re not supposed to know\\u201d.<\\/p>\\r\\n\\r\\n<p>The complexity of the story, as well as the ambitious scope of its production will easily invite comparisons to&nbsp;Game of Thrones. It\\u2019s the closest HBO has come to a drama that has the same level of characterisation, narrative drive and a general sense that this could be the next thing to blow up in the Zeitgeist.<\\/p>\\r\\n\\r\\n<p>While a few years ago, you\\u2019d be right to be sceptical that a mishmash of sci-fi and western could be embraced by a mainstream audience, let\\u2019s remember that&nbsp;Game of Thrones&nbsp;is a fantasy series with dragons and giants.<\\/p>\\r\\n\\r\\n<p>Westworld&nbsp;airs on Showcase on Foxtel at 12pm and 8.30pm on Mondays.<\\/p>\",\"11\":[\"34\"],\"8\":[\"8\"],\"6\":\"<p>It had hoped&nbsp;Vinyl&nbsp;would fill that spot but the 70s-set music series flopped like Homer Simpson diving off a 10-metre board. So it really needs a success story with&nbsp;Westworld, an ambitious sci-fi western that cost $100 million to make.<br><\\/p>\"}}', '2016-10-03 11:36:00', '2016-10-03 11:36:00', '24eb1b80-c387-4501-953a-10666e9377d3'),
 ('49', '47', '7', '1', 'en_us', '1', NULL, '{\"typeId\":\"8\",\"authorId\":null,\"title\":\"Contact\",\"slug\":\"contact\",\"postDate\":1475725460,\"expiryDate\":null,\"enabled\":1,\"parentId\":null,\"fields\":[]}', '2016-10-06 03:44:20', '2016-10-06 03:44:20', '8e2d20a1-f83c-4614-ac98-6509adf07144'),
 ('50', '2', '1', '1', 'en_us', '3', '', '{\"typeId\":\"1\",\"authorId\":null,\"title\":\"Homepage\",\"slug\":\"homepage\",\"postDate\":1475450977,\"expiryDate\":null,\"enabled\":1,\"parentId\":null,\"fields\":[]}', '2016-10-06 03:49:29', '2016-10-06 03:49:29', '1ead90a0-1716-4873-ae3b-99708f09526f'),
 ('51', '2', '1', '1', 'en_us', '4', '', '{\"typeId\":\"1\",\"authorId\":null,\"title\":\"Home\",\"slug\":\"homepage\",\"postDate\":1475450977,\"expiryDate\":null,\"enabled\":1,\"parentId\":null,\"fields\":[]}', '2016-10-06 03:49:36', '2016-10-06 03:49:36', '91e0d845-9ab3-470b-ba79-750a3d2a7b3b'),
 ('52', '47', '7', '1', 'en_us', '2', '', '{\"typeId\":null,\"authorId\":null,\"title\":\"Contact\",\"slug\":\"contact\",\"postDate\":1475725460,\"expiryDate\":null,\"enabled\":1,\"parentId\":null,\"fields\":{\"6\":\"<p><b>Please fill out the form and we\\u2019ll get back to you.<\\/b><\\/p><p>Phone: 0000 0000<\\/p><p><span><\\/span>Location: 123 Russel st, Melbourne VIC<\\/p>\"}}', '2016-10-06 03:50:32', '2016-10-06 03:50:32', '78e287a9-c25a-4dcc-8f8f-c693028def26'),
 ('53', '48', '6', '1', 'en_us', '1', '', '{\"typeId\":\"7\",\"authorId\":\"1\",\"title\":\"Sometimes you just want a test article so you can see all of the things\",\"slug\":\"sometimes-you-just-want-a-test-article-so-you-can-see-all-of-the-things\",\"postDate\":1475728762,\"expiryDate\":null,\"enabled\":1,\"parentId\":null,\"fields\":{\"10\":\"\",\"11\":[\"35\"],\"8\":\"\",\"6\":\"\"}}', '2016-10-06 04:39:22', '2016-10-06 04:39:22', 'f4af8e5b-1871-40a8-af40-9e0c4b675077'),
 ('54', '48', '6', '1', 'en_us', '2', '', '{\"typeId\":\"7\",\"authorId\":\"1\",\"title\":\"Sometimes you just want a test article so you can see all of the things\",\"slug\":\"sometimes-you-just-want-a-test-article-so-you-can-see-all-of-the-things\",\"postDate\":1475728740,\"expiryDate\":null,\"enabled\":1,\"parentId\":null,\"fields\":{\"10\":\"\\r\\n                <h1>H1 - I am a huge heading<\\/h1><h2>h2 - I am a s<\\/h2><p>Maecenas faucibus mollis interdum. <b>Integer posuere erat a ante venenatis dapibus posuere velit aliquet.<\\/b> Integer <strike>posuere<\\/strike> erat a ante venenatis dapibus posuere velit aliquet. Lorem ipsum dolor sit amet, consectetur adipiscing elit.<\\/p><p>Maecenas sed diam eget risus varius blandit sit amet non magna. Maecenas faucibus mollis interdum. Maecenas sed diam eget risus varius blandit sit amet non magna. Fusce dapibus, tellus ac cursus commodo, tortor mauris condimentum nibh, ut fermentum massa justo sit amet risus.<\\/p><p class=\\\"\\\">Looks like I can put a picture in and then float it r<\\/p><div class=\\\"medium-insert-images medium-insert-images-right\\\"><figure>\\r\\n    <img src=\\\"http:\\/\\/res.cloudinary.com\\/cognitives\\/image\\/upload\\/v1475728392\\/eisf7pnczp5xok0reyd2.jpg\\\" alt=\\\"\\\" class=\\\"\\\">\\r\\n<\\/figure><\\/div><p class=\\\"\\\"><b>You can also do lists:<\\/b><\\/p><ul><li>One<br><\\/li><li>Two&nbsp;<br><\\/li><li>Three<br><\\/li><\\/ul><p class=\\\"\\\"><font color=\\\"#8e98a7\\\"><span style=\\\"font-size: 16px;\\\"><b>Ordered lists too:<\\/b><\\/span><\\/font><\\/p><ol><li>One&nbsp;<br><\\/li><li>Two&nbsp;<br><\\/li><li>Four - tricked you<br><\\/li><\\/ol><p class=\\\"\\\"><b>Photo:<\\/b><\\/p><div class=\\\"medium-insert-images\\\"><figure>\\r\\n    <img src=\\\"http:\\/\\/res.cloudinary.com\\/cognitives\\/image\\/upload\\/v1475727833\\/u96ppktevxz8xeaem3tn.jpg\\\" alt=\\\"\\\">\\r\\n<\\/figure><\\/div><p class=\\\"\\\">Youtube:<\\/p><div class=\\\"medium-insert-embeds\\\">\\r\\n\\t<figure>\\r\\n\\t\\t<div class=\\\"medium-insert-embed\\\">\\r\\n\\t\\t\\t<div style=\\\"max-width:320px;margin:auto;\\\">\\r\\n\\r\\n<!-- You\'re using demo endpoint of Iframely API commercially. Max-width is limited to 320px. Please get your own API key at https:\\/\\/iframely.com. -->\\r\\n\\r\\n<div><div style=\\\"left: 0px; width: 100%; height: 0px; position: relative; padding-bottom: 56.2493%;\\\"><iframe src=\\\"https:\\/\\/www.youtube.com\\/embed\\/PkDqNReMsjk?wmode=transparent&amp;rel=0&amp;autohide=1&amp;showinfo=0&amp;enablejsapi=1\\\" frameborder=\\\"0\\\" allowfullscreen=\\\"\\\" style=\\\"top: 0px; left: 0px; width: 100%; height: 100%; position: absolute;\\\"><\\/iframe><\\/div><\\/div>\\r\\n<\\/div>\\r\\n\\t\\t<\\/div>\\r\\n\\t<\\/figure>\\r\\n\\t\\r\\n<\\/div>                        <p class=\\\"\\\">Instagram:<\\/p><div class=\\\"medium-insert-instagram\\\">\\r\\n\\t<figure>\\r\\n\\t\\t<div class=\\\"medium-insert-insta\\\">\\r\\n\\t\\t\\t<div data-embed-code=\\\"<div style=&quot;max-width:320px;margin:auto;&quot;>\\r\\n\\r\\n<!-- You\'re using demo endpoint of Iframely API commercially. Max-width is limited to 320px. Please get your own API key at https:\\/\\/iframely.com. -->\\r\\n\\r\\n<blockquote class=&quot;instagram-media&quot; data-instgrm-version=&quot;7&quot; style=&quot; background:#FFF; border:0; border-radius:3px; box-shadow:0 0 1px 0 rgba(0,0,0,0.5),0 1px 10px 0 rgba(0,0,0,0.15); margin: 1px; max-width:658px; padding:0; width:99.375%; width:-webkit-calc(100% - 2px); width:calc(100% - 2px);&quot;><div style=&quot;padding:8px;&quot;> <div style=&quot; background:#F8F8F8; line-height:0; margin-top:40px; padding:50.0% 0; text-align:center; width:100%;&quot;> <div style=&quot; background:url(data:image\\/png;base64,iVBORw0KGgoAAAANSUhEUgAAACwAAAAsCAMAAAApWqozAAAABGdBTUEAALGPC\\/xhBQAAAAFzUkdCAK7OHOkAAAAMUExURczMzPf399fX1+bm5mzY9AMAAADiSURBVDjLvZXbEsMgCES5\\/P8\\/t9FuRVCRmU73JWlzosgSIIZURCjo\\/ad+EQJJB4Hv8BFt+IDpQoCx1wjOSBFhh2XssxEIYn3ulI\\/6MNReE07UIWJEv8UEOWDS88LY97kqyTliJKKtuYBbruAyVh5wOHiXmpi5we58Ek028czwyuQdLKPG1Bkb4NnM+VeAnfHqn1k4+GPT6uGQcvu2h2OVuIf\\/gWUFyy8OWEpdyZSa3aVCqpVoVvzZZ2VTnn2wU8qzVjDDetO90GSy9mVLqtgYSy231MxrY6I2gGqjrTY0L8fxCxfCBbhWrsYYAAAAAElFTkSuQmCC); display:block; height:44px; margin:0 auto -44px; position:relative; top:-22px; width:44px;&quot;><\\/div><\\/div><p style=&quot; color:#c9c8cd; font-family:Arial,sans-serif; font-size:14px; line-height:17px; margin-bottom:0; margin-top:8px; overflow:hidden; padding:8px 0 7px; text-align:center; text-overflow:ellipsis; white-space:nowrap;&quot;><a href=&quot;https:\\/\\/www.instagram.com\\/p\\/BLAZRRDBFGY\\/&quot; style=&quot; color:#c9c8cd; font-family:Arial,sans-serif; font-size:14px; font-style:normal; font-weight:normal; line-height:17px; text-decoration:none;&quot; target=&quot;_blank&quot;>A photo posted by Chelsea (@chelsea.brice.style)<\\/a> on <time style=&quot; font-family:Arial,sans-serif; font-size:14px; line-height:17px;&quot; datetime=&quot;2016-10-01T04:02:23+00:00&quot;>Sep 30, 2016 at 9:02pm PDT<\\/time><\\/p><\\/div><\\/blockquote>\\r\\n<script async defer src=&quot;\\/\\/platform.instagram.com\\/en_US\\/embeds.js&quot;><\\/script>\\r\\n<\\/div>\\\"><div style=\\\"max-width:320px;margin:auto;\\\">\\r\\n\\r\\n<!-- You\'re using demo endpoint of Iframely API commercially. Max-width is limited to 320px. Please get your own API key at https:\\/\\/iframely.com. -->\\r\\n\\r\\n<iframe class=\\\"instagram-media instagram-media-rendered\\\" id=\\\"instagram-embed-0\\\" src=\\\"https:\\/\\/www.instagram.com\\/p\\/BLAZRRDBFGY\\/embed\\/?v=7\\\" allowtransparency=\\\"true\\\" frameborder=\\\"0\\\" height=\\\"738\\\" data-instgrm-payload-id=\\\"instagram-media-payload-0\\\" scrolling=\\\"no\\\" style=\\\"background: rgb(255, 255, 255); border: 0px; margin: 1px; max-width: 658px; width: calc(100% - 2px); border-radius: 4px; box-shadow: rgba(0, 0, 0, 0.498039) 0px 0px 1px 0px, rgba(0, 0, 0, 0.14902) 0px 1px 10px 0px; display: block; padding: 0px;\\\"><\\/iframe>\\r\\n<script async=\\\"\\\" defer=\\\"\\\" src=\\\"\\/\\/platform.instagram.com\\/en_US\\/embeds.js\\\"><\\/script>\\r\\n<\\/div><\\/div>\\r\\n\\t\\t<\\/div>\\r\\n\\t<\\/figure>\\r\\n\\t\\r\\n<\\/div><p class=\\\"\\\">Vimeo:<\\/p><div class=\\\"medium-insert-vimeo\\\">\\r\\n\\t<figure>\\r\\n\\t\\t<div class=\\\"medium-insert-vim\\\">\\r\\n\\t\\t\\t<div style=\\\"max-width:320px;margin:auto;\\\">\\r\\n\\r\\n<!-- You\'re using demo endpoint of Iframely API commercially. Max-width is limited to 320px. Please get your own API key at https:\\/\\/iframely.com. -->\\r\\n\\r\\n<div><div style=\\\"left: 0px; width: 100%; height: 0px; position: relative; padding-bottom: 56.2493%;\\\"><iframe src=\\\"https:\\/\\/player.vimeo.com\\/video\\/129902448?byline=0&amp;badge=0&amp;portrait=0&amp;title=0\\\" frameborder=\\\"0\\\" allowfullscreen=\\\"\\\" style=\\\"top: 0px; left: 0px; width: 100%; height: 100%; position: absolute;\\\"><\\/iframe><\\/div><\\/div>\\r\\n<\\/div>\\r\\n\\t\\t<\\/div>\\r\\n\\t<\\/figure>\\r\\n\\t\\r\\n<\\/div><p class=\\\"\\\">Twitter:<\\/p><div class=\\\"medium-insert-twitter medium-insert-twitter-wide\\\">\\r\\n\\t<figure>\\r\\n\\t\\t<div class=\\\"medium-insert-tweet\\\">\\r\\n\\t\\t\\t<div data-embed-code=\\\"<div style=&quot;max-width:320px;margin:auto;&quot;>\\r\\n\\r\\n<!-- You\'re using demo endpoint of Iframely API commercially. Max-width is limited to 320px. Please get your own API key at https:\\/\\/iframely.com. -->\\r\\n\\r\\n<blockquote class=&quot;twitter-tweet&quot; align=&quot;center&quot;><p lang=&quot;en&quot; dir=&quot;ltr&quot;>I want to give this puppy the BIGGEST hug <a href=&quot;https:\\/\\/t.co\\/D3gCDy8KkO&quot;>https:\\/\\/t.co\\/D3gCDy8KkO<\\/a><\\/p>&amp;mdash; Cute Emergency (@CuteEmergency) <a href=&quot;https:\\/\\/twitter.com\\/CuteEmergency\\/status\\/783870655716532224&quot;>October 6, 2016<\\/a><\\/blockquote>\\r\\n<script async src=&quot;\\/\\/platform.twitter.com\\/widgets.js&quot; charset=&quot;utf-8&quot;><\\/script>\\r\\n<\\/div>\\\"><div style=\\\"max-width:320px;margin:auto;\\\">\\r\\n\\r\\n<!-- You\'re using demo endpoint of Iframely API commercially. Max-width is limited to 320px. Please get your own API key at https:\\/\\/iframely.com. -->\\r\\n\\r\\n<blockquote class=\\\"twitter-tweet\\\" align=\\\"center\\\"><p lang=\\\"en\\\" dir=\\\"ltr\\\">I want to give this puppy the BIGGEST hug <a href=\\\"https:\\/\\/t.co\\/D3gCDy8KkO\\\">https:\\/\\/t.co\\/D3gCDy8KkO<\\/a><\\/p>\\u2014 Cute Emergency (@CuteEmergency) <a href=\\\"https:\\/\\/twitter.com\\/CuteEmergency\\/status\\/783870655716532224\\\">October 6, 2016<\\/a><\\/blockquote>\\r\\n<script async=\\\"\\\" src=\\\"\\/\\/platform.twitter.com\\/widgets.js\\\" charset=\\\"utf-8\\\"><\\/script>\\r\\n<\\/div><\\/div>\\r\\n\\t\\t<\\/div>\\r\\n\\t<\\/figure>\\r\\n\\t\\r\\n<\\/div><p class=\\\"\\\">Facebook:<\\/p>\\r\\n\",\"11\":[\"35\"],\"8\":\"\",\"6\":\"\"}}', '2016-10-06 04:43:22', '2016-10-06 04:43:22', '11a6ef27-661b-46f2-9dbb-0a3e78a3139d'),
 ('55', '48', '6', '1', 'en_us', '3', '', '{\"typeId\":\"7\",\"authorId\":\"1\",\"title\":\"Sometimes you just want a test article so you can see all of the things\",\"slug\":\"sometimes-you-just-want-a-test-article-so-you-can-see-all-of-the-things\",\"postDate\":1475728740,\"expiryDate\":null,\"enabled\":1,\"parentId\":null,\"fields\":{\"10\":\"<h1>H1 - I am a huge heading<\\/h1>\\r\\n\\r\\n<h2>h2 - I am a s<\\/h2>\\r\\n\\r\\n<p>Maecenas faucibus mollis interdum. <strong>Integer posuere erat a ante venenatis dapibus posuere velit aliquet.<\\/strong> Integer <del>posuere<\\/del> erat a ante venenatis dapibus posuere velit aliquet. Lorem ipsum dolor sit amet, consectetur adipiscing elit.<\\/p>\\r\\n\\r\\n<p>Maecenas sed diam eget risus varius blandit sit amet non magna. Maecenas faucibus mollis interdum. Maecenas sed diam eget risus varius blandit sit amet non magna. Fusce dapibus, tellus ac cursus commodo, tortor mauris condimentum nibh, ut fermentum massa justo sit amet risus.<\\/p>\\r\\n\\r\\n<p>Looks like I can put a picture in and then float it r<\\/p>\\r\\n\\r\\n<div class=\\\"medium-insert-images medium-insert-images-right\\\"><figure>\\r\\n    <img src=\\\"http:\\/\\/res.cloudinary.com\\/cognitives\\/image\\/upload\\/v1475728392\\/eisf7pnczp5xok0reyd2.jpg\\\" alt=\\\"\\\">\\r\\n<\\/figure><\\/div>\\r\\n\\r\\n<p><strong>You can also do lists:<\\/strong><\\/p>\\r\\n\\r\\n<ul><li>One<\\/li><li>Two&nbsp;<\\/li><li>Three<\\/li><\\/ul>\\r\\n\\r\\n<p><span style=\\\"font-size: 16px;\\\"><strong>Ordered lists too:<\\/strong><\\/span><\\/p>\\r\\n\\r\\n<ol><li>One&nbsp;<\\/li><li>Two&nbsp;<\\/li><li>Four - tricked you<\\/li><\\/ol>\\r\\n\\r\\n<p><strong>Photo:<\\/strong><\\/p>\\r\\n\\r\\n<div class=\\\"medium-insert-images\\\"><figure>\\r\\n    <img src=\\\"http:\\/\\/res.cloudinary.com\\/cognitives\\/image\\/upload\\/v1475727833\\/u96ppktevxz8xeaem3tn.jpg\\\" alt=\\\"\\\">\\r\\n<\\/figure><\\/div>\\r\\n\\r\\n<p>Youtube:<\\/p>\\r\\n\\r\\n<div class=\\\"medium-insert-embeds\\\">\\r\\n\\t<figure>\\r\\n\\t\\t<div class=\\\"medium-insert-embed\\\">\\r\\n\\t\\t\\t<div style=\\\"max-width:320px;margin:auto;\\\">\\r\\n\\r\\n\\r\\n\\r\\n<div><div style=\\\"left: 0px; width: 100%; height: 0px; position: relative; padding-bottom: 56.2493%;\\\"><iframe src=\\\"https:\\/\\/www.youtube.com\\/embed\\/PkDqNReMsjk?wmode=transparent&rel=0&autohide=1&showinfo=0&enablejsapi=1\\\" frameborder=\\\"0\\\" allowfullscreen=\\\"\\\" style=\\\"top: 0px; left: 0px; width: 100%; height: 100%; position: absolute;\\\"><\\/iframe><\\/div><\\/div>\\r\\n<\\/div>\\r\\n\\t\\t<\\/div>\\r\\n\\t<\\/figure>\\r\\n\\t\\r\\n<\\/div>\\r\\n\\r\\n<p>Instagram:<\\/p>\\r\\n\\r\\n<div class=\\\"medium-insert-instagram\\\">\\r\\n\\t<figure>\\r\\n\\t\\t<div class=\\\"medium-insert-insta\\\">\\r\\n\\t\\t\\t<div data-embed-code=\\\"<div style=&quot;max-width:320px;margin:auto;&quot;>\\r\\n\\r\\n\\r\\n\\r\\n<blockquote class=&quot;instagram-media&quot; data-instgrm-version=&quot;7&quot; style=&quot; background:#FFF; border:0; border-radius:3px; box-shadow:0 0 1px 0 rgba(0,0,0,0.5),0 1px 10px 0 rgba(0,0,0,0.15); margin: 1px; max-width:658px; padding:0; width:99.375%; width:-webkit-calc(100% - 2px); width:calc(100% - 2px);&quot;><div style=&quot;padding:8px;&quot;> <div style=&quot; background:#F8F8F8; line-height:0; margin-top:40px; padding:50.0% 0; text-align:center; width:100%;&quot;> <div style=&quot; background:url(data:image\\/png;base64,iVBORw0KGgoAAAANSUhEUgAAACwAAAAsCAMAAAApWqozAAAABGdBTUEAALGPC\\/xhBQAAAAFzUkdCAK7OHOkAAAAMUExURczMzPf399fX1+bm5mzY9AMAAADiSURBVDjLvZXbEsMgCES5\\/P8\\/t9FuRVCRmU73JWlzosgSIIZURCjo\\/ad+EQJJB4Hv8BFt+IDpQoCx1wjOSBFhh2XssxEIYn3ulI\\/6MNReE07UIWJEv8UEOWDS88LY97kqyTliJKKtuYBbruAyVh5wOHiXmpi5we58Ek028czwyuQdLKPG1Bkb4NnM+VeAnfHqn1k4+GPT6uGQcvu2h2OVuIf\\/gWUFyy8OWEpdyZSa3aVCqpVoVvzZZ2VTnn2wU8qzVjDDetO90GSy9mVLqtgYSy231MxrY6I2gGqjrTY0L8fxCxfCBbhWrsYYAAAAAElFTkSuQmCC); display:block; height:44px; margin:0 auto -44px; position:relative; top:-22px; width:44px;&quot;><\\/div><\\/div><p style=&quot; color:#c9c8cd; font-family:Arial,sans-serif; font-size:14px; line-height:17px; margin-bottom:0; margin-top:8px; overflow:hidden; padding:8px 0 7px; text-align:center; text-overflow:ellipsis; white-space:nowrap;&quot;><a href=&quot;https:\\/\\/www.instagram.com\\/p\\/BLAZRRDBFGY\\/&quot; style=&quot; color:#c9c8cd; font-family:Arial,sans-serif; font-size:14px; font-style:normal; font-weight:normal; line-height:17px; text-decoration:none;&quot; target=&quot;_blank&quot;>A photo posted by Chelsea (@chelsea.brice.style)<\\/a> on <time style=&quot; font-family:Arial,sans-serif; font-size:14px; line-height:17px;&quot; datetime=&quot;2016-10-01T04:02:23+00:00&quot;>Sep 30, 2016 at 9:02pm PDT<\\/time><\\/p><\\/div><\\/blockquote>\\r\\n<pre class=\\\" redactor-script-tag\\\"=\\\"\\\" async=\\\"\\\" defer=\\\"\\\" src=\\\"&quot;\\/\\/platform.instagram.com\\/en_US\\/embeds.js&quot;\\\">\\r\\n<\\/div>\\\"&gt;<div style=\\\"max-width:320px;margin:auto;\\\">\\r\\n\\r\\n\\r\\n\\r\\n<iframe class=\\\"instagram-media instagram-media-rendered\\\" id=\\\"instagram-embed-0\\\" src=\\\"https:\\/\\/www.instagram.com\\/p\\/BLAZRRDBFGY\\/embed\\/?v=7\\\" allowtransparency=\\\"true\\\" frameborder=\\\"0\\\" height=\\\"738\\\" data-instgrm-payload-id=\\\"instagram-media-payload-0\\\" scrolling=\\\"no\\\" style=\\\"background: rgb(255, 255, 255); border: 0px; margin: 1px; max-width: 658px; width: calc(100% - 2px); border-radius: 4px; box-shadow: rgba(0, 0, 0, 0.498039) 0px 0px 1px 0px, rgba(0, 0, 0, 0.14902) 0px 1px 10px 0px; display: block; padding: 0px;\\\"><\\/iframe>\\r\\n<script async=\\\"\\\" defer=\\\"\\\" src=\\\"\\/\\/platform.instagram.com\\/en_US\\/embeds.js\\\"><\\/script>\\r\\n\\r\\n\\r\\n<\\/div><\\/div>\\r\\n\\t\\t<\\/figure><\\/div>\\r\\n\\r\\n\\r\\n\\r\\n<p>Vimeo:<\\/p>\\r\\n\\r\\n<div class=\\\"medium-insert-vimeo\\\">\\r\\n\\t<figure>\\r\\n\\t\\t<div class=\\\"medium-insert-vim\\\">\\r\\n\\t\\t\\t<div style=\\\"max-width:320px;margin:auto;\\\">\\r\\n\\r\\n\\r\\n\\r\\n<div><div style=\\\"left: 0px; width: 100%; height: 0px; position: relative; padding-bottom: 56.2493%;\\\"><iframe src=\\\"https:\\/\\/player.vimeo.com\\/video\\/129902448?byline=0&badge=0&portrait=0&title=0\\\" frameborder=\\\"0\\\" allowfullscreen=\\\"\\\" style=\\\"top: 0px; left: 0px; width: 100%; height: 100%; position: absolute;\\\"><\\/iframe><\\/div><\\/div>\\r\\n<\\/div>\\r\\n\\t\\t<\\/div>\\r\\n\\t<\\/figure>\\r\\n\\t\\r\\n<\\/div>\\r\\n\\r\\n<p>Twitter:<\\/p>\\r\\n\\r\\n<div class=\\\"medium-insert-twitter medium-insert-twitter-wide\\\">\\r\\n\\t<figure>\\r\\n\\t\\t<div class=\\\"medium-insert-tweet\\\">\\r\\n\\t\\t\\t<div data-embed-code=\\\"<div style=&quot;max-width:320px;margin:auto;&quot;>\\r\\n\\r\\n\\r\\n\\r\\n<blockquote class=&quot;twitter-tweet&quot; align=&quot;center&quot;><p lang=&quot;en&quot; dir=&quot;ltr&quot;>I want to give this puppy the BIGGEST hug <a href=&quot;https:\\/\\/t.co\\/D3gCDy8KkO&quot;>https:\\/\\/t.co\\/D3gCDy8KkO<\\/a><\\/p>&mdash; Cute Emergency (@CuteEmergency) <a href=&quot;https:\\/\\/twitter.com\\/CuteEmergency\\/status\\/783870655716532224&quot;>October 6, 2016<\\/a><\\/blockquote>\\r\\n<pre class=\\\" redactor-script-tag\\\"=\\\"\\\" async=\\\"\\\" src=\\\"&quot;\\/\\/platform.twitter.com\\/widgets.js&quot;\\\" charset=\\\"&quot;utf-8&quot;\\\">\\r\\n<\\/div>\\\"&gt;<div style=\\\"max-width:320px;margin:auto;\\\">\\r\\n\\r\\n\\r\\n\\r\\n<blockquote class=\\\"twitter-tweet\\\" align=\\\"center\\\">I want to give this puppy the BIGGEST hug <a href=\\\"https:\\/\\/t.co\\/D3gCDy8KkO\\\">https:\\/\\/t.co\\/D3gCDy8KkO<\\/a><br>&mdash; Cute Emergency (@CuteEmergency) <a href=\\\"https:\\/\\/twitter.com\\/CuteEmergency\\/status\\/783870655716532224\\\">October 6, 2016<\\/a><\\/blockquote>\\r\\n<script async=\\\"\\\" src=\\\"\\/\\/platform.twitter.com\\/widgets.js\\\" charset=\\\"utf-8\\\"><\\/script>\\r\\n\\r\\n\\r\\n<\\/div><\\/div>\\r\\n\\t\\t<\\/figure><\\/div>\\r\\n\\r\\n\\r\\n\\r\\n<p>Facebook:<\\/p>\",\"11\":[\"35\"],\"8\":[\"16\"],\"6\":\"\"}}', '2016-10-06 04:43:42', '2016-10-06 04:43:42', '4ffe5c20-388a-407e-a121-118256409071'),
 ('56', '48', '6', '1', 'en_us', '4', '', '{\"typeId\":\"7\",\"authorId\":\"1\",\"title\":\"Sometimes you just want a test article so you can see all of the things\",\"slug\":\"sometimes-you-just-want-a-test-article-so-you-can-see-all-of-the-things\",\"postDate\":1475728740,\"expiryDate\":null,\"enabled\":1,\"parentId\":null,\"fields\":{\"10\":\"<div class=\\\"article-content-section\\\">\\r\\n            <div class=\\\"content-area\\\" itemprop=\\\"articleBody\\\">\\r\\n                <h1>H1 - I am a huge heading<\\/h1><h2>h2 - I am a s<\\/h2><p>Maecenas faucibus mollis interdum. <b>Integer posuere erat a ante venenatis dapibus posuere velit aliquet.<\\/b> Integer <strike>posuere<\\/strike> erat a ante venenatis dapibus posuere velit aliquet. Lorem ipsum dolor sit amet, consectetur adipiscing elit.<\\/p><p>Maecenas sed diam eget risus varius blandit sit amet non magna. Maecenas faucibus mollis interdum. Maecenas sed diam eget risus varius blandit sit amet non magna. Fusce dapibus, tellus ac cursus commodo, tortor mauris condimentum nibh, ut fermentum massa justo sit amet risus.<\\/p><p class=\\\"\\\">Looks like I can put a picture in and then float it r<\\/p><div class=\\\"medium-insert-images medium-insert-images-right\\\"><figure>\\r\\n    <img src=\\\"http:\\/\\/res.cloudinary.com\\/cognitives\\/image\\/upload\\/v1475728392\\/eisf7pnczp5xok0reyd2.jpg\\\" alt=\\\"\\\" class=\\\"\\\">\\r\\n<\\/figure><\\/div><p class=\\\"\\\"><b>You can also do lists:<\\/b><\\/p><ul><li>One<br><\\/li><li>Two&nbsp;<br><\\/li><li>Three<br><\\/li><\\/ul><p class=\\\"\\\"><font color=\\\"#8e98a7\\\"><span style=\\\"font-size: 16px;\\\"><b>Ordered lists too:<\\/b><\\/span><\\/font><\\/p><ol><li>One&nbsp;<br><\\/li><li>Two&nbsp;<br><\\/li><li>Four - tricked you<br><\\/li><\\/ol><p class=\\\"\\\"><b>Photo:<\\/b><\\/p><div class=\\\"medium-insert-images\\\"><figure>\\r\\n    <img src=\\\"http:\\/\\/res.cloudinary.com\\/cognitives\\/image\\/upload\\/v1475727833\\/u96ppktevxz8xeaem3tn.jpg\\\" alt=\\\"\\\">\\r\\n<\\/figure><\\/div><p class=\\\"\\\">Youtube:<\\/p><div class=\\\"medium-insert-embeds\\\">\\r\\n\\t<figure>\\r\\n\\t\\t<div class=\\\"medium-insert-embed\\\">\\r\\n\\t\\t\\t<div style=\\\"max-width:320px;margin:auto;\\\">\\r\\n\\r\\n<!-- You\'re using demo endpoint of Iframely API commercially. Max-width is limited to 320px. Please get your own API key at https:\\/\\/iframely.com. -->\\r\\n\\r\\n<div><div style=\\\"left: 0px; width: 100%; height: 0px; position: relative; padding-bottom: 56.2493%;\\\"><iframe src=\\\"https:\\/\\/www.youtube.com\\/embed\\/PkDqNReMsjk?wmode=transparent&amp;rel=0&amp;autohide=1&amp;showinfo=0&amp;enablejsapi=1\\\" frameborder=\\\"0\\\" allowfullscreen=\\\"\\\" style=\\\"top: 0px; left: 0px; width: 100%; height: 100%; position: absolute;\\\"><\\/iframe><\\/div><\\/div>\\r\\n<\\/div>\\r\\n\\t\\t<\\/div>\\r\\n\\t<\\/figure>\\r\\n\\t\\r\\n<\\/div>                        <p class=\\\"\\\">Instagram:<\\/p><div class=\\\"medium-insert-instagram\\\">\\r\\n\\t<figure>\\r\\n\\t\\t<div class=\\\"medium-insert-insta\\\">\\r\\n\\t\\t\\t<div data-embed-code=\\\"<div style=&quot;max-width:320px;margin:auto;&quot;>\\r\\n\\r\\n<!-- You\'re using demo endpoint of Iframely API commercially. Max-width is limited to 320px. Please get your own API key at https:\\/\\/iframely.com. -->\\r\\n\\r\\n<blockquote class=&quot;instagram-media&quot; data-instgrm-version=&quot;7&quot; style=&quot; background:#FFF; border:0; border-radius:3px; box-shadow:0 0 1px 0 rgba(0,0,0,0.5),0 1px 10px 0 rgba(0,0,0,0.15); margin: 1px; max-width:658px; padding:0; width:99.375%; width:-webkit-calc(100% - 2px); width:calc(100% - 2px);&quot;><div style=&quot;padding:8px;&quot;> <div style=&quot; background:#F8F8F8; line-height:0; margin-top:40px; padding:50.0% 0; text-align:center; width:100%;&quot;> <div style=&quot; background:url(data:image\\/png;base64,iVBORw0KGgoAAAANSUhEUgAAACwAAAAsCAMAAAApWqozAAAABGdBTUEAALGPC\\/xhBQAAAAFzUkdCAK7OHOkAAAAMUExURczMzPf399fX1+bm5mzY9AMAAADiSURBVDjLvZXbEsMgCES5\\/P8\\/t9FuRVCRmU73JWlzosgSIIZURCjo\\/ad+EQJJB4Hv8BFt+IDpQoCx1wjOSBFhh2XssxEIYn3ulI\\/6MNReE07UIWJEv8UEOWDS88LY97kqyTliJKKtuYBbruAyVh5wOHiXmpi5we58Ek028czwyuQdLKPG1Bkb4NnM+VeAnfHqn1k4+GPT6uGQcvu2h2OVuIf\\/gWUFyy8OWEpdyZSa3aVCqpVoVvzZZ2VTnn2wU8qzVjDDetO90GSy9mVLqtgYSy231MxrY6I2gGqjrTY0L8fxCxfCBbhWrsYYAAAAAElFTkSuQmCC); display:block; height:44px; margin:0 auto -44px; position:relative; top:-22px; width:44px;&quot;><\\/div><\\/div><p style=&quot; color:#c9c8cd; font-family:Arial,sans-serif; font-size:14px; line-height:17px; margin-bottom:0; margin-top:8px; overflow:hidden; padding:8px 0 7px; text-align:center; text-overflow:ellipsis; white-space:nowrap;&quot;><a href=&quot;https:\\/\\/www.instagram.com\\/p\\/BLAZRRDBFGY\\/&quot; style=&quot; color:#c9c8cd; font-family:Arial,sans-serif; font-size:14px; font-style:normal; font-weight:normal; line-height:17px; text-decoration:none;&quot; target=&quot;_blank&quot;>A photo posted by Chelsea (@chelsea.brice.style)<\\/a> on <time style=&quot; font-family:Arial,sans-serif; font-size:14px; line-height:17px;&quot; datetime=&quot;2016-10-01T04:02:23+00:00&quot;>Sep 30, 2016 at 9:02pm PDT<\\/time><\\/p><\\/div><\\/blockquote>\\r\\n<script async defer src=&quot;\\/\\/platform.instagram.com\\/en_US\\/embeds.js&quot;><\\/script>\\r\\n<\\/div>\\\"><div style=\\\"max-width:320px;margin:auto;\\\">\\r\\n\\r\\n<!-- You\'re using demo endpoint of Iframely API commercially. Max-width is limited to 320px. Please get your own API key at https:\\/\\/iframely.com. -->\\r\\n\\r\\n<iframe class=\\\"instagram-media instagram-media-rendered\\\" id=\\\"instagram-embed-0\\\" src=\\\"https:\\/\\/www.instagram.com\\/p\\/BLAZRRDBFGY\\/embed\\/?v=7\\\" allowtransparency=\\\"true\\\" frameborder=\\\"0\\\" height=\\\"738\\\" data-instgrm-payload-id=\\\"instagram-media-payload-0\\\" scrolling=\\\"no\\\" style=\\\"background: rgb(255, 255, 255); border: 0px; margin: 1px; max-width: 658px; width: calc(100% - 2px); border-radius: 4px; box-shadow: rgba(0, 0, 0, 0.498039) 0px 0px 1px 0px, rgba(0, 0, 0, 0.14902) 0px 1px 10px 0px; display: block; padding: 0px;\\\"><\\/iframe>\\r\\n<script async=\\\"\\\" defer=\\\"\\\" src=\\\"\\/\\/platform.instagram.com\\/en_US\\/embeds.js\\\"><\\/script>\\r\\n<\\/div><\\/div>\\r\\n\\t\\t<\\/div>\\r\\n\\t<\\/figure>\\r\\n\\t\\r\\n<\\/div><p class=\\\"\\\">Vimeo:<\\/p><div class=\\\"medium-insert-vimeo\\\">\\r\\n\\t<figure>\\r\\n\\t\\t<div class=\\\"medium-insert-vim\\\">\\r\\n\\t\\t\\t<div style=\\\"max-width:320px;margin:auto;\\\">\\r\\n\\r\\n<!-- You\'re using demo endpoint of Iframely API commercially. Max-width is limited to 320px. Please get your own API key at https:\\/\\/iframely.com. -->\\r\\n\\r\\n<div><div style=\\\"left: 0px; width: 100%; height: 0px; position: relative; padding-bottom: 56.2493%;\\\"><iframe src=\\\"https:\\/\\/player.vimeo.com\\/video\\/129902448?byline=0&amp;badge=0&amp;portrait=0&amp;title=0\\\" frameborder=\\\"0\\\" allowfullscreen=\\\"\\\" style=\\\"top: 0px; left: 0px; width: 100%; height: 100%; position: absolute;\\\"><\\/iframe><\\/div><\\/div>\\r\\n<\\/div>\\r\\n\\t\\t<\\/div>\\r\\n\\t<\\/figure>\\r\\n\\t\\r\\n<\\/div><p class=\\\"\\\">Twitter:<\\/p><div class=\\\"medium-insert-twitter medium-insert-twitter-wide\\\">\\r\\n\\t<figure>\\r\\n\\t\\t<div class=\\\"medium-insert-tweet\\\">\\r\\n\\t\\t\\t<div data-embed-code=\\\"<div style=&quot;max-width:320px;margin:auto;&quot;>\\r\\n\\r\\n<!-- You\'re using demo endpoint of Iframely API commercially. Max-width is limited to 320px. Please get your own API key at https:\\/\\/iframely.com. -->\\r\\n\\r\\n<blockquote class=&quot;twitter-tweet&quot; align=&quot;center&quot;><p lang=&quot;en&quot; dir=&quot;ltr&quot;>I want to give this puppy the BIGGEST hug <a href=&quot;https:\\/\\/t.co\\/D3gCDy8KkO&quot;>https:\\/\\/t.co\\/D3gCDy8KkO<\\/a><\\/p>&amp;mdash; Cute Emergency (@CuteEmergency) <a href=&quot;https:\\/\\/twitter.com\\/CuteEmergency\\/status\\/783870655716532224&quot;>October 6, 2016<\\/a><\\/blockquote>\\r\\n<script async src=&quot;\\/\\/platform.twitter.com\\/widgets.js&quot; charset=&quot;utf-8&quot;><\\/script>\\r\\n<\\/div>\\\"><div style=\\\"max-width:320px;margin:auto;\\\">\\r\\n\\r\\n<!-- You\'re using demo endpoint of Iframely API commercially. Max-width is limited to 320px. Please get your own API key at https:\\/\\/iframely.com. -->\\r\\n\\r\\n<blockquote class=\\\"twitter-tweet\\\" align=\\\"center\\\"><p lang=\\\"en\\\" dir=\\\"ltr\\\">I want to give this puppy the BIGGEST hug <a href=\\\"https:\\/\\/t.co\\/D3gCDy8KkO\\\">https:\\/\\/t.co\\/D3gCDy8KkO<\\/a><\\/p>\\u2014 Cute Emergency (@CuteEmergency) <a href=\\\"https:\\/\\/twitter.com\\/CuteEmergency\\/status\\/783870655716532224\\\">October 6, 2016<\\/a><\\/blockquote>\\r\\n<script async=\\\"\\\" src=\\\"\\/\\/platform.twitter.com\\/widgets.js\\\" charset=\\\"utf-8\\\"><\\/script>\\r\\n<\\/div><\\/div>\\r\\n\\t\\t<\\/div>\\r\\n\\t<\\/figure>\\r\\n\\t\\r\\n<\\/div><p class=\\\"\\\">Facebook:<\\/p>\\r\\n            <\\/div>\\r\\n        <\\/div>\",\"11\":[\"35\"],\"8\":[\"16\"],\"6\":\"\"}}', '2016-10-06 04:46:17', '2016-10-06 04:46:17', '9be1e8bc-6837-4f29-ae0f-2554b06ec580'),
 ('57', '48', '6', '1', 'en_us', '5', '', '{\"typeId\":\"7\",\"authorId\":\"1\",\"title\":\"Sometimes you just want a test article so you can see all of the things\",\"slug\":\"sometimes-you-just-want-a-test-article-so-you-can-see-all-of-the-things\",\"postDate\":1475728740,\"expiryDate\":null,\"enabled\":1,\"parentId\":null,\"fields\":{\"10\":\"                <h1>H1 - I am a huge heading<\\/h1><h2>h2 - I am a s<\\/h2><p>Maecenas faucibus mollis interdum. <b>Integer posuere erat a ante venenatis dapibus posuere velit aliquet.<\\/b> Integer <strike>posuere<\\/strike> erat a ante venenatis dapibus posuere velit aliquet. Lorem ipsum dolor sit amet, consectetur adipiscing elit.<\\/p><p>Maecenas sed diam eget risus varius blandit sit amet non magna. Maecenas faucibus mollis interdum. Maecenas sed diam eget risus varius blandit sit amet non magna. Fusce dapibus, tellus ac cursus commodo, tortor mauris condimentum nibh, ut fermentum massa justo sit amet risus.<\\/p><p class=\\\"\\\">Looks like I can put a picture in and then float it r<\\/p><div class=\\\"medium-insert-images medium-insert-images-right\\\"><figure>\\r\\n    <img src=\\\"http:\\/\\/res.cloudinary.com\\/cognitives\\/image\\/upload\\/v1475728392\\/eisf7pnczp5xok0reyd2.jpg\\\" alt=\\\"\\\" class=\\\"\\\">\\r\\n<\\/figure><\\/div><p class=\\\"\\\"><b>You can also do lists:<\\/b><\\/p><ul><li>One<br><\\/li><li>Two&nbsp;<br><\\/li><li>Three<br><\\/li><\\/ul><p class=\\\"\\\"><b>Ordered lists too:<\\/b><\\/span><\\/font><\\/p><ol><li>One&nbsp;<br><\\/li><li>Two&nbsp;<br><\\/li><li>Four - tricked you<br><\\/li><\\/ol><p class=\\\"\\\"><b>Photo:<\\/b><\\/p><div class=\\\"medium-insert-images\\\"><figure>\\r\\n    <img src=\\\"http:\\/\\/res.cloudinary.com\\/cognitives\\/image\\/upload\\/v1475727833\\/u96ppktevxz8xeaem3tn.jpg\\\" alt=\\\"\\\">\\r\\n<\\/figure><\\/div><p class=\\\"\\\">Youtube:<\\/p><div class=\\\"medium-insert-embeds\\\">\\r\\n\\t<figure>\\r\\n\\t\\t<div class=\\\"medium-insert-embed\\\">\\r\\n\\t\\t\\t<div style=\\\"max-width:320px;margin:auto;\\\">\\r\\n\\r\\n<!-- You\'re using demo endpoint of Iframely API commercially. Max-width is limited to 320px. Please get your own API key at https:\\/\\/iframely.com. -->\\r\\n\\r\\n<div><div style=\\\"left: 0px; width: 100%; height: 0px; position: relative; padding-bottom: 56.2493%;\\\"><iframe src=\\\"https:\\/\\/www.youtube.com\\/embed\\/PkDqNReMsjk?wmode=transparent&amp;rel=0&amp;autohide=1&amp;showinfo=0&amp;enablejsapi=1\\\" frameborder=\\\"0\\\" allowfullscreen=\\\"\\\" style=\\\"top: 0px; left: 0px; width: 100%; height: 100%; position: absolute;\\\"><\\/iframe><\\/div><\\/div>\\r\\n<\\/div>\\r\\n\\t\\t<\\/div>\\r\\n\\t<\\/figure>\\r\\n\\t\\r\\n<\\/div>                        <p class=\\\"\\\">Instagram:<\\/p><div class=\\\"medium-insert-instagram\\\">\\r\\n\\t<figure>\\r\\n\\t\\t<div class=\\\"medium-insert-insta\\\">\\r\\n\\t\\t\\t<div data-embed-code=\\\"<div style=&quot;max-width:320px;margin:auto;&quot;>\\r\\n\\r\\n<!-- You\'re using demo endpoint of Iframely API commercially. Max-width is limited to 320px. Please get your own API key at https:\\/\\/iframely.com. -->\\r\\n\\r\\n<blockquote class=&quot;instagram-media&quot; data-instgrm-version=&quot;7&quot; style=&quot; background:#FFF; border:0; border-radius:3px; box-shadow:0 0 1px 0 rgba(0,0,0,0.5),0 1px 10px 0 rgba(0,0,0,0.15); margin: 1px; max-width:658px; padding:0; width:99.375%; width:-webkit-calc(100% - 2px); width:calc(100% - 2px);&quot;><div style=&quot;padding:8px;&quot;> <div style=&quot; background:#F8F8F8; line-height:0; margin-top:40px; padding:50.0% 0; text-align:center; width:100%;&quot;> <div style=&quot; background:url(data:image\\/png;base64,iVBORw0KGgoAAAANSUhEUgAAACwAAAAsCAMAAAApWqozAAAABGdBTUEAALGPC\\/xhBQAAAAFzUkdCAK7OHOkAAAAMUExURczMzPf399fX1+bm5mzY9AMAAADiSURBVDjLvZXbEsMgCES5\\/P8\\/t9FuRVCRmU73JWlzosgSIIZURCjo\\/ad+EQJJB4Hv8BFt+IDpQoCx1wjOSBFhh2XssxEIYn3ulI\\/6MNReE07UIWJEv8UEOWDS88LY97kqyTliJKKtuYBbruAyVh5wOHiXmpi5we58Ek028czwyuQdLKPG1Bkb4NnM+VeAnfHqn1k4+GPT6uGQcvu2h2OVuIf\\/gWUFyy8OWEpdyZSa3aVCqpVoVvzZZ2VTnn2wU8qzVjDDetO90GSy9mVLqtgYSy231MxrY6I2gGqjrTY0L8fxCxfCBbhWrsYYAAAAAElFTkSuQmCC); display:block; height:44px; margin:0 auto -44px; position:relative; top:-22px; width:44px;&quot;><\\/div><\\/div><p style=&quot; color:#c9c8cd; font-family:Arial,sans-serif; font-size:14px; line-height:17px; margin-bottom:0; margin-top:8px; overflow:hidden; padding:8px 0 7px; text-align:center; text-overflow:ellipsis; white-space:nowrap;&quot;><a href=&quot;https:\\/\\/www.instagram.com\\/p\\/BLAZRRDBFGY\\/&quot; style=&quot; color:#c9c8cd; font-family:Arial,sans-serif; font-size:14px; font-style:normal; font-weight:normal; line-height:17px; text-decoration:none;&quot; target=&quot;_blank&quot;>A photo posted by Chelsea (@chelsea.brice.style)<\\/a> on <time style=&quot; font-family:Arial,sans-serif; font-size:14px; line-height:17px;&quot; datetime=&quot;2016-10-01T04:02:23+00:00&quot;>Sep 30, 2016 at 9:02pm PDT<\\/time><\\/p><\\/div><\\/blockquote>\\r\\n<script async defer src=&quot;\\/\\/platform.instagram.com\\/en_US\\/embeds.js&quot;><\\/script>\\r\\n<\\/div>\\\"><div style=\\\"max-width:320px;margin:auto;\\\">\\r\\n\\r\\n<!-- You\'re using demo endpoint of Iframely API commercially. Max-width is limited to 320px. Please get your own API key at https:\\/\\/iframely.com. -->\\r\\n\\r\\n<iframe class=\\\"instagram-media instagram-media-rendered\\\" id=\\\"instagram-embed-0\\\" src=\\\"https:\\/\\/www.instagram.com\\/p\\/BLAZRRDBFGY\\/embed\\/?v=7\\\" allowtransparency=\\\"true\\\" frameborder=\\\"0\\\" height=\\\"738\\\" data-instgrm-payload-id=\\\"instagram-media-payload-0\\\" scrolling=\\\"no\\\" style=\\\"background: rgb(255, 255, 255); border: 0px; margin: 1px; max-width: 658px; width: calc(100% - 2px); border-radius: 4px; box-shadow: rgba(0, 0, 0, 0.498039) 0px 0px 1px 0px, rgba(0, 0, 0, 0.14902) 0px 1px 10px 0px; display: block; padding: 0px;\\\"><\\/iframe>\\r\\n<script async=\\\"\\\" defer=\\\"\\\" src=\\\"\\/\\/platform.instagram.com\\/en_US\\/embeds.js\\\"><\\/script>\\r\\n<\\/div><\\/div>\\r\\n\\t\\t<\\/div>\\r\\n\\t<\\/figure>\\r\\n\\t\\r\\n<\\/div><p class=\\\"\\\">Vimeo:<\\/p><div class=\\\"medium-insert-vimeo\\\">\\r\\n\\t<figure>\\r\\n\\t\\t<div class=\\\"medium-insert-vim\\\">\\r\\n\\t\\t\\t<div style=\\\"max-width:320px;margin:auto;\\\">\\r\\n\\r\\n<!-- You\'re using demo endpoint of Iframely API commercially. Max-width is limited to 320px. Please get your own API key at https:\\/\\/iframely.com. -->\\r\\n\\r\\n<div><div style=\\\"left: 0px; width: 100%; height: 0px; position: relative; padding-bottom: 56.2493%;\\\"><iframe src=\\\"https:\\/\\/player.vimeo.com\\/video\\/129902448?byline=0&amp;badge=0&amp;portrait=0&amp;title=0\\\" frameborder=\\\"0\\\" allowfullscreen=\\\"\\\" style=\\\"top: 0px; left: 0px; width: 100%; height: 100%; position: absolute;\\\"><\\/iframe><\\/div><\\/div>\\r\\n<\\/div>\\r\\n\\t\\t<\\/div>\\r\\n\\t<\\/figure>\\r\\n\\t\\r\\n<\\/div><p class=\\\"\\\">Twitter:<\\/p><div class=\\\"medium-insert-twitter medium-insert-twitter-wide\\\">\\r\\n\\t<figure>\\r\\n\\t\\t<div class=\\\"medium-insert-tweet\\\">\\r\\n\\t\\t\\t<div data-embed-code=\\\"<div style=&quot;max-width:320px;margin:auto;&quot;>\\r\\n\\r\\n<!-- You\'re using demo endpoint of Iframely API commercially. Max-width is limited to 320px. Please get your own API key at https:\\/\\/iframely.com. -->\\r\\n\\r\\n<blockquote class=&quot;twitter-tweet&quot; align=&quot;center&quot;><p lang=&quot;en&quot; dir=&quot;ltr&quot;>I want to give this puppy the BIGGEST hug <a href=&quot;https:\\/\\/t.co\\/D3gCDy8KkO&quot;>https:\\/\\/t.co\\/D3gCDy8KkO<\\/a><\\/p>&amp;mdash; Cute Emergency (@CuteEmergency) <a href=&quot;https:\\/\\/twitter.com\\/CuteEmergency\\/status\\/783870655716532224&quot;>October 6, 2016<\\/a><\\/blockquote>\\r\\n<script async src=&quot;\\/\\/platform.twitter.com\\/widgets.js&quot; charset=&quot;utf-8&quot;><\\/script>\\r\\n<\\/div>\\\"><div style=\\\"max-width:320px;margin:auto;\\\">\\r\\n\\r\\n<!-- You\'re using demo endpoint of Iframely API commercially. Max-width is limited to 320px. Please get your own API key at https:\\/\\/iframely.com. -->\\r\\n\\r\\n<blockquote class=\\\"twitter-tweet\\\" align=\\\"center\\\"><p lang=\\\"en\\\" dir=\\\"ltr\\\">I want to give this puppy the BIGGEST hug <a href=\\\"https:\\/\\/t.co\\/D3gCDy8KkO\\\">https:\\/\\/t.co\\/D3gCDy8KkO<\\/a><\\/p>\\u2014 Cute Emergency (@CuteEmergency) <a href=\\\"https:\\/\\/twitter.com\\/CuteEmergency\\/status\\/783870655716532224\\\">October 6, 2016<\\/a><\\/blockquote>\\r\\n<script async=\\\"\\\" src=\\\"\\/\\/platform.twitter.com\\/widgets.js\\\" charset=\\\"utf-8\\\"><\\/script>\\r\\n<\\/div><\\/div>\\r\\n\\t\\t<\\/div>\\r\\n\\t<\\/figure>\\r\\n\\t\\r\\n<\\/div><p class=\\\"\\\">Facebook:<\\/p>\",\"11\":[\"35\"],\"8\":[\"16\"],\"6\":\"\"}}', '2016-10-06 04:48:27', '2016-10-06 04:48:27', '50886ce0-8812-40af-b164-d8d44f5ff7a8'),
 ('58', '48', '6', '1', 'en_us', '6', '', '{\"typeId\":\"7\",\"authorId\":\"1\",\"title\":\"Sometimes you just want a test article so you can see all of the things\",\"slug\":\"sometimes-you-just-want-a-test-article-so-you-can-see-all-of-the-things\",\"postDate\":1475728740,\"expiryDate\":null,\"enabled\":1,\"parentId\":null,\"fields\":{\"10\":\"                <h1>H1 - I am a huge heading<\\/h1><h2>h2 - I am a s<\\/h2><p>Maecenas faucibus mollis interdum. <b>Integer posuere erat a ante venenatis dapibus posuere velit aliquet.<\\/b> Integer <strike>posuere<\\/strike> erat a ante venenatis dapibus posuere velit aliquet. Lorem ipsum dolor sit amet, consectetur adipiscing elit.<\\/p><p>Maecenas sed diam eget risus varius blandit sit amet non magna. Maecenas faucibus mollis interdum. Maecenas sed diam eget risus varius blandit sit amet non magna. Fusce dapibus, tellus ac cursus commodo, tortor mauris condimentum nibh, ut fermentum massa justo sit amet risus.<\\/p><p class=\\\"\\\">Looks like I can put a picture in and then float it r<\\/p><div class=\\\"medium-insert-images medium-insert-images-right\\\"><figure>\\r\\n    <img src=\\\"http:\\/\\/res.cloudinary.com\\/cognitives\\/image\\/upload\\/v1475728392\\/eisf7pnczp5xok0reyd2.jpg\\\" alt=\\\"\\\" class=\\\"\\\">\\r\\n<\\/figure><\\/div><p class=\\\"\\\"><b>You can also do lists:<\\/b><\\/p><ul><li>One<br><\\/li><li>Two&nbsp;<br><\\/li><li>Three<br><\\/li><\\/ul><p class=\\\"\\\"><b>Ordered lists too:<\\/b><\\/span><\\/font><\\/p><ol><li>One&nbsp;<br><\\/li><li>Two&nbsp;<br><\\/li><li>Four - tricked you<br><\\/li><\\/ol><p class=\\\"\\\"><b>Photo:<\\/b><\\/p><div class=\\\"medium-insert-images\\\"><figure>\\r\\n    <img src=\\\"http:\\/\\/res.cloudinary.com\\/cognitives\\/image\\/upload\\/v1475727833\\/u96ppktevxz8xeaem3tn.jpg\\\" alt=\\\"\\\">\\r\\n<\\/figure><\\/div><p class=\\\"\\\">Youtube:<\\/p><div class=\\\"medium-insert-embeds\\\">\\r\\n\\t<figure>\\r\\n\\t\\t<div class=\\\"medium-insert-embed\\\">\\r\\n\\t\\t\\t<div style=\\\"max-width:320px;margin:auto;\\\">\\r\\n\\r\\n<!-- You\'re using demo endpoint of Iframely API commercially. Max-width is limited to 320px. Please get your own API key at https:\\/\\/iframely.com. -->\\r\\n\\r\\n<div><div style=\\\"left: 0px; width: 100%; height: 0px; position: relative; padding-bottom: 56.2493%;\\\"><iframe src=\\\"https:\\/\\/www.youtube.com\\/embed\\/PkDqNReMsjk?wmode=transparent&amp;rel=0&amp;autohide=1&amp;showinfo=0&amp;enablejsapi=1\\\" frameborder=\\\"0\\\" allowfullscreen=\\\"\\\" style=\\\"top: 0px; left: 0px; width: 100%; height: 100%; position: absolute;\\\"><\\/iframe><\\/div><\\/div>\\r\\n<\\/div>\\r\\n\\t\\t<\\/div>\\r\\n\\t<\\/figure>\\r\\n\\t\\r\\n<\\/div>                        <p class=\\\"\\\">Instagram:<\\/p><div class=\\\"medium-insert-instagram\\\">\\r\\n\\t<figure>\\r\\n\\t\\t<div class=\\\"medium-insert-insta\\\">\\r\\n\\t\\t\\t<div data-embed-code=\\\"<div style=&quot;max-width:320px;margin:auto;&quot;>\\r\\n\\r\\n<!-- You\'re using demo endpoint of Iframely API commercially. Max-width is limited to 320px. Please get your own API key at https:\\/\\/iframely.com. -->\\r\\n\\r\\n<blockquote class=&quot;instagram-media&quot; data-instgrm-version=&quot;7&quot; style=&quot; background:#FFF; border:0; border-radius:3px; box-shadow:0 0 1px 0 rgba(0,0,0,0.5),0 1px 10px 0 rgba(0,0,0,0.15); margin: 1px; max-width:658px; padding:0; width:99.375%; width:-webkit-calc(100% - 2px); width:calc(100% - 2px);&quot;><div style=&quot;padding:8px;&quot;> <div style=&quot; background:#F8F8F8; line-height:0; margin-top:40px; padding:50.0% 0; text-align:center; width:100%;&quot;> <div style=&quot; background:url(data:image\\/png;base64,iVBORw0KGgoAAAANSUhEUgAAACwAAAAsCAMAAAApWqozAAAABGdBTUEAALGPC\\/xhBQAAAAFzUkdCAK7OHOkAAAAMUExURczMzPf399fX1+bm5mzY9AMAAADiSURBVDjLvZXbEsMgCES5\\/P8\\/t9FuRVCRmU73JWlzosgSIIZURCjo\\/ad+EQJJB4Hv8BFt+IDpQoCx1wjOSBFhh2XssxEIYn3ulI\\/6MNReE07UIWJEv8UEOWDS88LY97kqyTliJKKtuYBbruAyVh5wOHiXmpi5we58Ek028czwyuQdLKPG1Bkb4NnM+VeAnfHqn1k4+GPT6uGQcvu2h2OVuIf\\/gWUFyy8OWEpdyZSa3aVCqpVoVvzZZ2VTnn2wU8qzVjDDetO90GSy9mVLqtgYSy231MxrY6I2gGqjrTY0L8fxCxfCBbhWrsYYAAAAAElFTkSuQmCC); display:block; height:44px; margin:0 auto -44px; position:relative; top:-22px; width:44px;&quot;><\\/div><\\/div><p style=&quot; color:#c9c8cd; font-family:Arial,sans-serif; font-size:14px; line-height:17px; margin-bottom:0; margin-top:8px; overflow:hidden; padding:8px 0 7px; text-align:center; text-overflow:ellipsis; white-space:nowrap;&quot;><a href=&quot;https:\\/\\/www.instagram.com\\/p\\/BLAZRRDBFGY\\/&quot; style=&quot; color:#c9c8cd; font-family:Arial,sans-serif; font-size:14px; font-style:normal; font-weight:normal; line-height:17px; text-decoration:none;&quot; target=&quot;_blank&quot;>A photo posted by Chelsea (@chelsea.brice.style)<\\/a> on <time style=&quot; font-family:Arial,sans-serif; font-size:14px; line-height:17px;&quot; datetime=&quot;2016-10-01T04:02:23+00:00&quot;>Sep 30, 2016 at 9:02pm PDT<\\/time><\\/p><\\/div><\\/blockquote>\\r\\n<script async defer src=&quot;\\/\\/platform.instagram.com\\/en_US\\/embeds.js&quot;><\\/script>\\r\\n<\\/div>\\\"><div style=\\\"max-width:320px;margin:auto;\\\">\\r\\n\\r\\n<!-- You\'re using demo endpoint of Iframely API commercially. Max-width is limited to 320px. Please get your own API key at https:\\/\\/iframely.com. -->\\r\\n\\r\\n<iframe class=\\\"instagram-media instagram-media-rendered\\\" id=\\\"instagram-embed-0\\\" src=\\\"https:\\/\\/www.instagram.com\\/p\\/BLAZRRDBFGY\\/embed\\/?v=7\\\" allowtransparency=\\\"true\\\" frameborder=\\\"0\\\" height=\\\"738\\\" data-instgrm-payload-id=\\\"instagram-media-payload-0\\\" scrolling=\\\"no\\\" style=\\\"background: rgb(255, 255, 255); border: 0px; margin: 1px; max-width: 658px; width: calc(100% - 2px); border-radius: 4px; box-shadow: rgba(0, 0, 0, 0.498039) 0px 0px 1px 0px, rgba(0, 0, 0, 0.14902) 0px 1px 10px 0px; display: block; padding: 0px;\\\"><\\/iframe>\\r\\n<script async=\\\"\\\" defer=\\\"\\\" src=\\\"\\/\\/platform.instagram.com\\/en_US\\/embeds.js\\\"><\\/script>\\r\\n<\\/div><\\/div>\\r\\n\\t\\t<\\/div>\\r\\n\\t<\\/figure>\\r\\n\\t\\r\\n<\\/div><p class=\\\"\\\">Vimeo:<\\/p><div class=\\\"medium-insert-vimeo\\\">\\r\\n\\t<figure>\\r\\n\\t\\t<div class=\\\"medium-insert-vim\\\">\\r\\n\\t\\t\\t<div style=\\\"max-width:320px;margin:auto;\\\">\\r\\n\\r\\n<!-- You\'re using demo endpoint of Iframely API commercially. Max-width is limited to 320px. Please get your own API key at https:\\/\\/iframely.com. -->\\r\\n\\r\\n<div><div style=\\\"left: 0px; width: 100%; height: 0px; position: relative; padding-bottom: 56.2493%;\\\"><iframe src=\\\"https:\\/\\/player.vimeo.com\\/video\\/129902448?byline=0&amp;badge=0&amp;portrait=0&amp;title=0\\\" frameborder=\\\"0\\\" allowfullscreen=\\\"\\\" style=\\\"top: 0px; left: 0px; width: 100%; height: 100%; position: absolute;\\\"><\\/iframe><\\/div><\\/div>\\r\\n<\\/div>\\r\\n\\t\\t<\\/div>\\r\\n\\t<\\/figure>\\r\\n\\t\\r\\n<\\/div><p class=\\\"\\\">Twitter:<\\/p><div class=\\\"medium-insert-twitter medium-insert-twitter-wide\\\">\\r\\n\\t<figure>\\r\\n\\t\\t<div class=\\\"medium-insert-tweet\\\">\\r\\n\\t\\t\\t<div data-embed-code=\\\"<div style=&quot;max-width:320px;margin:auto;&quot;>\\r\\n\\r\\n<!-- You\'re using demo endpoint of Iframely API commercially. Max-width is limited to 320px. Please get your own API key at https:\\/\\/iframely.com. -->\\r\\n\\r\\n<blockquote class=&quot;twitter-tweet&quot; align=&quot;center&quot;><p lang=&quot;en&quot; dir=&quot;ltr&quot;>I want to give this puppy the BIGGEST hug <a href=&quot;https:\\/\\/t.co\\/D3gCDy8KkO&quot;>https:\\/\\/t.co\\/D3gCDy8KkO<\\/a><\\/p>&amp;mdash; Cute Emergency (@CuteEmergency) <a href=&quot;https:\\/\\/twitter.com\\/CuteEmergency\\/status\\/783870655716532224&quot;>October 6, 2016<\\/a><\\/blockquote>\\r\\n<script async src=&quot;\\/\\/platform.twitter.com\\/widgets.js&quot; charset=&quot;utf-8&quot;><\\/script>\\r\\n<\\/div>\\\"><div style=\\\"max-width:320px;margin:auto;\\\">\\r\\n\\r\\n<!-- You\'re using demo endpoint of Iframely API commercially. Max-width is limited to 320px. Please get your own API key at https:\\/\\/iframely.com. -->\\r\\n\\r\\n<blockquote class=\\\"twitter-tweet\\\" align=\\\"center\\\"><p lang=\\\"en\\\" dir=\\\"ltr\\\">I want to give this puppy the BIGGEST hug <a href=\\\"https:\\/\\/t.co\\/D3gCDy8KkO\\\">https:\\/\\/t.co\\/D3gCDy8KkO<\\/a><\\/p>\\u2014 Cute Emergency (@CuteEmergency) <a href=\\\"https:\\/\\/twitter.com\\/CuteEmergency\\/status\\/783870655716532224\\\">October 6, 2016<\\/a><\\/blockquote>\\r\\n<script async=\\\"\\\" src=\\\"\\/\\/platform.twitter.com\\/widgets.js\\\" charset=\\\"utf-8\\\"><\\/script>\\r\\n<\\/div><\\/div>\\r\\n\\t\\t<\\/div>\\r\\n\\t<\\/figure>\\r\\n\\t\\r\\n<\\/div><p class=\\\"\\\">Facebook:<\\/p>\",\"11\":[\"35\"],\"8\":[\"16\"],\"6\":\"<p>I am the intro text. I know what I&nbsp;am. Nothing more, nothing less.<\\/p>\"}}', '2016-10-06 04:49:30', '2016-10-06 04:49:30', '97d78db6-b419-4c09-92f7-d4ccac2a7cb4'),
 ('59', '48', '6', '1', 'en_us', '7', '', '{\"typeId\":\"7\",\"authorId\":\"1\",\"title\":\"Sometimes you just want a test article so you can see all of the things\",\"slug\":\"sometimes-you-just-want-a-test-article-so-you-can-see-all-of-the-things\",\"postDate\":1475728740,\"expiryDate\":null,\"enabled\":1,\"parentId\":null,\"fields\":{\"10\":\"                <h1>H1 - I am a huge heading<\\/h1><h2>h2 - I am a s<\\/h2><p>Maecenas faucibus mollis interdum. <b>Integer posuere erat a ante venenatis dapibus posuere velit aliquet.<\\/b> Integer <strike>posuere<\\/strike> erat a ante venenatis dapibus posuere velit aliquet. Lorem ipsum dolor sit amet, consectetur adipiscing elit.<\\/p><p>Maecenas sed diam eget risus varius blandit sit amet non magna. Maecenas faucibus mollis interdum. Maecenas sed diam eget risus varius blandit sit amet non magna. Fusce dapibus, tellus ac cursus commodo, tortor mauris condimentum nibh, ut fermentum massa justo sit amet risus.<\\/p><p class=\\\"\\\"><b>You can also do lists:<\\/b><\\/p><ul><li>One<br><\\/li><li>Two&nbsp;<br><\\/li><li>Three<br><\\/li><\\/ul><p class=\\\"\\\"><font color=\\\"#8e98a7\\\"><span style=\\\"font-size: 16px;\\\">Ordered lists too:<\\/span><\\/font><\\/p><ol><li>One&nbsp;<br><\\/li><li>Two&nbsp;<br><\\/li><li>Four - tricked you<br><\\/li><\\/ol><p class=\\\"\\\"><b>Photo:<\\/b><\\/p><div class=\\\"medium-insert-images\\\"><figure>\\r\\n    <img src=\\\"http:\\/\\/res.cloudinary.com\\/cognitives\\/image\\/upload\\/v1475727833\\/u96ppktevxz8xeaem3tn.jpg\\\" alt=\\\"\\\" class=\\\"\\\">\\r\\n<figcaption class=\\\"\\\">100% width image<\\/figcaption><\\/figure><\\/div><div class=\\\"medium-insert-images medium-insert-images-left\\\"><figure>\\r\\n    <img src=\\\"http:\\/\\/res.cloudinary.com\\/cognitives\\/image\\/upload\\/v1475729570\\/s04vldxji7tqick3y2cd.jpg\\\" alt=\\\"\\\" class=\\\"\\\">\\r\\n<figcaption class=\\\"\\\">Left aligned image<\\/figcaption><\\/figure><\\/div><figure contenteditable=\\\"false\\\">\\r\\n    <img src=\\\"http:\\/\\/res.cloudinary.com\\/cognitives\\/image\\/upload\\/v1475729607\\/s8yupqzhdgip3lb5zujx.jpg\\\" alt=\\\"\\\" class=\\\"\\\">\\r\\n<figcaption contenteditable=\\\"true\\\" class=\\\"\\\">Right aligned image<\\/figcaption><\\/figure><p class=\\\"\\\"><span style=\\\"font-family: montserratlight, Arial, sans-serif; font-size: 16px;\\\"><br><\\/span><\\/p><p class=\\\"\\\"><span style=\\\"font-family: montserratlight, Arial, sans-serif; font-size: 16px;\\\"><br><\\/span><\\/p><p class=\\\"\\\"><span style=\\\"font-family: montserratlight, Arial, sans-serif; font-size: 16px;\\\">Youtube:<\\/span><br><\\/p><div class=\\\"medium-insert-embeds\\\">\\r\\n\\t<figure>\\r\\n\\t\\t<div class=\\\"medium-insert-embed\\\">\\r\\n\\t\\t\\t<div style=\\\"max-width:320px;margin:auto;\\\">\\r\\n\\r\\n<!-- You\'re using demo endpoint of Iframely API commercially. Max-width is limited to 320px. Please get your own API key at https:\\/\\/iframely.com. -->\\r\\n\\r\\n<div><div style=\\\"left: 0px; width: 100%; height: 0px; position: relative; padding-bottom: 56.2493%;\\\"><iframe src=\\\"https:\\/\\/www.youtube.com\\/embed\\/PkDqNReMsjk?wmode=transparent&amp;rel=0&amp;autohide=1&amp;showinfo=0&amp;enablejsapi=1\\\" frameborder=\\\"0\\\" allowfullscreen=\\\"\\\" style=\\\"top: 0px; left: 0px; width: 100%; height: 100%; position: absolute;\\\"><\\/iframe><\\/div><\\/div>\\r\\n<\\/div>\\r\\n\\t\\t<\\/div>\\r\\n\\t<\\/figure>\\r\\n\\t\\r\\n<\\/div>                        <p class=\\\"\\\">Instagram:<\\/p><div class=\\\"medium-insert-instagram\\\">\\r\\n\\t<figure>\\r\\n\\t\\t<div class=\\\"medium-insert-insta\\\">\\r\\n\\t\\t\\t\\r\\n\\t<figure>\\r\\n\\t\\t<div class=\\\"medium-insert-insta\\\">\\r\\n\\t\\t\\t<div data-embed-code=\\\"<div style=&quot;max-width:320px;margin:auto;&quot;>\\r\\n\\r\\n<!-- You\'re using demo endpoint of Iframely API commercially. Max-width is limited to 320px. Please get your own API key at https:\\/\\/iframely.com. -->\\r\\n\\r\\n<blockquote class=&quot;instagram-media&quot; data-instgrm-version=&quot;7&quot; style=&quot; background:#FFF; border:0; border-radius:3px; box-shadow:0 0 1px 0 rgba(0,0,0,0.5),0 1px 10px 0 rgba(0,0,0,0.15); margin: 1px; max-width:658px; padding:0; width:99.375%; width:-webkit-calc(100% - 2px); width:calc(100% - 2px);&quot;><div style=&quot;padding:8px;&quot;> <div style=&quot; background:#F8F8F8; line-height:0; margin-top:40px; padding:50.0% 0; text-align:center; width:100%;&quot;> <div style=&quot; background:url(data:image\\/png;base64,iVBORw0KGgoAAAANSUhEUgAAACwAAAAsCAMAAAApWqozAAAABGdBTUEAALGPC\\/xhBQAAAAFzUkdCAK7OHOkAAAAMUExURczMzPf399fX1+bm5mzY9AMAAADiSURBVDjLvZXbEsMgCES5\\/P8\\/t9FuRVCRmU73JWlzosgSIIZURCjo\\/ad+EQJJB4Hv8BFt+IDpQoCx1wjOSBFhh2XssxEIYn3ulI\\/6MNReE07UIWJEv8UEOWDS88LY97kqyTliJKKtuYBbruAyVh5wOHiXmpi5we58Ek028czwyuQdLKPG1Bkb4NnM+VeAnfHqn1k4+GPT6uGQcvu2h2OVuIf\\/gWUFyy8OWEpdyZSa3aVCqpVoVvzZZ2VTnn2wU8qzVjDDetO90GSy9mVLqtgYSy231MxrY6I2gGqjrTY0L8fxCxfCBbhWrsYYAAAAAElFTkSuQmCC); display:block; height:44px; margin:0 auto -44px; position:relative; top:-22px; width:44px;&quot;><\\/div><\\/div><p style=&quot; color:#c9c8cd; font-family:Arial,sans-serif; font-size:14px; line-height:17px; margin-bottom:0; margin-top:8px; overflow:hidden; padding:8px 0 7px; text-align:center; text-overflow:ellipsis; white-space:nowrap;&quot;><a href=&quot;https:\\/\\/www.instagram.com\\/p\\/BLAZRRDBFGY\\/&quot; style=&quot; color:#c9c8cd; font-family:Arial,sans-serif; font-size:14px; font-style:normal; font-weight:normal; line-height:17px; text-decoration:none;&quot; target=&quot;_blank&quot;>A photo posted by Chelsea (@chelsea.brice.style)<\\/a> on <time style=&quot; font-family:Arial,sans-serif; font-size:14px; line-height:17px;&quot; datetime=&quot;2016-10-01T04:02:23+00:00&quot;>Sep 30, 2016 at 9:02pm PDT<\\/time><\\/p><\\/div><\\/blockquote>\\r\\n<script async defer src=&quot;\\/\\/platform.instagram.com\\/en_US\\/embeds.js&quot;><\\/script>\\r\\n<\\/div>\\\"><div style=\\\"max-width:320px;margin:auto;\\\">\\r\\n\\r\\n<!-- You\'re using demo endpoint of Iframely API commercially. Max-width is limited to 320px. Please get your own API key at https:\\/\\/iframely.com. -->\\r\\n\\r\\n<iframe class=\\\"instagram-media instagram-media-rendered\\\" id=\\\"instagram-embed-0\\\" src=\\\"https:\\/\\/www.instagram.com\\/p\\/BLAZRRDBFGY\\/embed\\/?v=7\\\" allowtransparency=\\\"true\\\" frameborder=\\\"0\\\" height=\\\"738\\\" data-instgrm-payload-id=\\\"instagram-media-payload-0\\\" scrolling=\\\"no\\\" style=\\\"background: rgb(255, 255, 255); border: 0px; margin: 1px; max-width: 658px; width: calc(100% - 2px); border-radius: 4px; box-shadow: rgba(0, 0, 0, 0.498039) 0px 0px 1px 0px, rgba(0, 0, 0, 0.14902) 0px 1px 10px 0px; display: block; padding: 0px;\\\"><\\/iframe>\\r\\n<script async=\\\"\\\" defer=\\\"\\\" src=\\\"\\/\\/platform.instagram.com\\/en_US\\/embeds.js\\\"><\\/script>\\r\\n<\\/div><\\/div>\\r\\n\\t\\t<\\/div>\\r\\n\\t<\\/figure>\\r\\n\\t\\r\\n\\r\\n\\t\\t<\\/div>\\r\\n\\t<\\/figure>\\r\\n\\t\\r\\n<\\/div><p class=\\\"\\\">Vimeo:<\\/p><div class=\\\"medium-insert-vimeo\\\">\\r\\n\\t<figure>\\r\\n\\t\\t<div class=\\\"medium-insert-vim\\\">\\r\\n\\t\\t\\t\\r\\n\\t<figure>\\r\\n\\t\\t<div class=\\\"medium-insert-vim\\\">\\r\\n\\t\\t\\t<div style=\\\"max-width:320px;margin:auto;\\\">\\r\\n\\r\\n<!-- You\'re using demo endpoint of Iframely API commercially. Max-width is limited to 320px. Please get your own API key at https:\\/\\/iframely.com. -->\\r\\n\\r\\n<div><div style=\\\"left: 0px; width: 100%; height: 0px; position: relative; padding-bottom: 56.2493%;\\\"><iframe src=\\\"https:\\/\\/player.vimeo.com\\/video\\/129902448?byline=0&amp;badge=0&amp;portrait=0&amp;title=0\\\" frameborder=\\\"0\\\" allowfullscreen=\\\"\\\" style=\\\"top: 0px; left: 0px; width: 100%; height: 100%; position: absolute;\\\"><\\/iframe><\\/div><\\/div>\\r\\n<\\/div>\\r\\n\\t\\t<\\/div>\\r\\n\\t<\\/figure>\\r\\n\\t\\r\\n\\r\\n\\t\\t<\\/div>\\r\\n\\t<\\/figure>\\r\\n\\t\\r\\n<\\/div><p class=\\\"\\\">Twitter:<\\/p><div class=\\\"medium-insert-twitter\\\">\\r\\n\\t<figure>\\r\\n\\t\\t<div class=\\\"medium-insert-tweet\\\">\\r\\n\\t\\t\\t\\r\\n\\t<figure>\\r\\n\\t\\t<div class=\\\"medium-insert-tweet\\\">\\r\\n\\t\\t\\t<div data-embed-code=\\\"<div style=&quot;max-width:320px;margin:auto;&quot;>\\r\\n\\r\\n<!-- You\'re using demo endpoint of Iframely API commercially. Max-width is limited to 320px. Please get your own API key at https:\\/\\/iframely.com. -->\\r\\n\\r\\n<blockquote class=&quot;twitter-tweet&quot; align=&quot;center&quot;><p lang=&quot;en&quot; dir=&quot;ltr&quot;>I want to give this puppy the BIGGEST hug <a href=&quot;https:\\/\\/t.co\\/D3gCDy8KkO&quot;>https:\\/\\/t.co\\/D3gCDy8KkO<\\/a><\\/p>&amp;mdash; Cute Emergency (@CuteEmergency) <a href=&quot;https:\\/\\/twitter.com\\/CuteEmergency\\/status\\/783870655716532224&quot;>October 6, 2016<\\/a><\\/blockquote>\\r\\n<script async src=&quot;\\/\\/platform.twitter.com\\/widgets.js&quot; charset=&quot;utf-8&quot;><\\/script>\\r\\n<\\/div>\\\"><div style=\\\"max-width:320px;margin:auto;\\\">\\r\\n\\r\\n<!-- You\'re using demo endpoint of Iframely API commercially. Max-width is limited to 320px. Please get your own API key at https:\\/\\/iframely.com. -->\\r\\n\\r\\n<blockquote class=\\\"twitter-tweet\\\" align=\\\"center\\\"><p lang=\\\"en\\\" dir=\\\"ltr\\\">I want to give this puppy the BIGGEST hug <a href=\\\"https:\\/\\/t.co\\/D3gCDy8KkO\\\">https:\\/\\/t.co\\/D3gCDy8KkO<\\/a><\\/p>\\u2014 Cute Emergency (@CuteEmergency) <a href=\\\"https:\\/\\/twitter.com\\/CuteEmergency\\/status\\/783870655716532224\\\">October 6, 2016<\\/a><\\/blockquote>\\r\\n<script async=\\\"\\\" src=\\\"\\/\\/platform.twitter.com\\/widgets.js\\\" charset=\\\"utf-8\\\"><\\/script>\\r\\n<\\/div><\\/div>\\r\\n\\t\\t<\\/div>\\r\\n\\t<\\/figure>\\r\\n\\t\\r\\n\\r\\n\\t\\t<\\/div>\\r\\n\\t<\\/figure>\\r\\n\\t\\r\\n<\\/div>\",\"11\":[\"35\"],\"8\":[\"16\"],\"6\":\"<p>I am the intro text. I know what I&nbsp;am. Nothing more, nothing less.<\\/p>\"}}', '2016-10-06 04:55:38', '2016-10-06 04:55:38', '3d16a01a-bc13-48ca-aba9-e6671664ec50');



DROP TABLE IF EXISTS `craft_fieldgroups`;


--
-- Schema for table `craft_fieldgroups`
--
CREATE TABLE `craft_fieldgroups` (
  `id` int(11) NOT NULL AUTO_INCREMENT,
  `name` varchar(255) COLLATE utf8_unicode_ci NOT NULL,
  `dateCreated` datetime NOT NULL,
  `dateUpdated` datetime NOT NULL,
  `uid` char(36) COLLATE utf8_unicode_ci NOT NULL DEFAULT '0',
  PRIMARY KEY (`id`),
  UNIQUE KEY `craft_fieldgroups_name_unq_idx` (`name`)
) ENGINE=InnoDB AUTO_INCREMENT=4 DEFAULT CHARSET=utf8 COLLATE=utf8_unicode_ci;

--
-- Data for table `craft_fieldgroups`
--

INSERT INTO `craft_fieldgroups` (`id`, `name`, `dateCreated`, `dateUpdated`, `uid`) VALUES
 ('1', 'Default', '2016-09-29 06:51:56', '2016-09-29 06:51:56', '3021df76-9174-4e22-9b1a-e0540b21d459'),
 ('2', 'Social', '2016-09-29 07:41:23', '2016-09-29 07:41:23', 'c6137d34-c45a-4b69-8d1d-217509681cde'),
 ('3', 'Article', '2016-10-02 23:19:39', '2016-10-02 23:19:39', '4d8a0fbe-ae5d-46e8-80a7-4f7478babf1f');



DROP TABLE IF EXISTS `craft_fieldlayoutfields`;


--
-- Schema for table `craft_fieldlayoutfields`
--
CREATE TABLE `craft_fieldlayoutfields` (
  `id` int(11) NOT NULL AUTO_INCREMENT,
  `layoutId` int(11) NOT NULL,
  `tabId` int(11) NOT NULL,
  `fieldId` int(11) NOT NULL,
  `required` tinyint(1) unsigned NOT NULL DEFAULT '0',
  `sortOrder` smallint(6) unsigned DEFAULT NULL,
  `dateCreated` datetime NOT NULL,
  `dateUpdated` datetime NOT NULL,
  `uid` char(36) COLLATE utf8_unicode_ci NOT NULL DEFAULT '0',
  PRIMARY KEY (`id`),
  UNIQUE KEY `craft_fieldlayoutfields_layoutId_fieldId_unq_idx` (`layoutId`,`fieldId`),
  KEY `craft_fieldlayoutfields_sortOrder_idx` (`sortOrder`),
  KEY `craft_fieldlayoutfields_tabId_fk` (`tabId`),
  KEY `craft_fieldlayoutfields_fieldId_fk` (`fieldId`)
) ENGINE=InnoDB AUTO_INCREMENT=57 DEFAULT CHARSET=utf8 COLLATE=utf8_unicode_ci;

--
-- Data for table `craft_fieldlayoutfields`
--

INSERT INTO `craft_fieldlayoutfields` (`id`, `layoutId`, `tabId`, `fieldId`, `required`, `sortOrder`, `dateCreated`, `dateUpdated`, `uid`) VALUES
 ('42', '21', '11', '11', '0', '1', '2016-10-03 09:01:11', '2016-10-03 09:01:11', 'b2e619f3-a05d-4a1a-8c28-0bcf42c8b4d9'),
 ('43', '21', '11', '8', '0', '2', '2016-10-03 09:01:11', '2016-10-03 09:01:11', '0d1e0d5f-93f7-4adb-a476-99eec370f5ea'),
 ('44', '21', '11', '6', '0', '3', '2016-10-03 09:01:11', '2016-10-03 09:01:11', 'b9eb00f1-5332-4674-834d-cbcf84ffc50b'),
 ('45', '21', '11', '5', '0', '4', '2016-10-03 09:01:11', '2016-10-03 09:01:11', 'c19ed0d4-10bf-4329-ac28-98d5b41c5791'),
 ('46', '21', '11', '7', '0', '5', '2016-10-03 09:01:11', '2016-10-03 09:01:11', 'de4a37cf-16b6-41a5-9f64-0d0b3d9cfe98'),
 ('47', '21', '11', '3', '0', '6', '2016-10-03 09:01:11', '2016-10-03 09:01:11', '2eec3018-8fdc-4fbc-809d-14e1a3338132'),
 ('52', '23', '13', '11', '0', '1', '2016-10-03 11:34:50', '2016-10-03 11:34:50', '3cb1170a-a142-4584-82b7-eb7782c6e3ec'),
 ('53', '23', '13', '8', '0', '2', '2016-10-03 11:34:50', '2016-10-03 11:34:50', '28b73043-e926-4c10-b043-727d8fab0f7d'),
 ('54', '23', '13', '6', '0', '3', '2016-10-03 11:34:50', '2016-10-03 11:34:50', '022ba664-cc4f-4760-9295-bf75d218d47b'),
 ('55', '23', '13', '10', '0', '4', '2016-10-03 11:34:50', '2016-10-03 11:34:50', 'e8e41e94-951a-4256-b46f-9ad9817fcbfa'),
 ('56', '27', '14', '6', '0', '1', '2016-10-06 03:49:13', '2016-10-06 03:49:13', '4abc3698-c6a6-4732-8e69-3b5f3907d4ce');



DROP TABLE IF EXISTS `craft_fieldlayouts`;


--
-- Schema for table `craft_fieldlayouts`
--
CREATE TABLE `craft_fieldlayouts` (
  `id` int(11) NOT NULL AUTO_INCREMENT,
  `type` varchar(150) COLLATE utf8_unicode_ci NOT NULL,
  `dateCreated` datetime NOT NULL,
  `dateUpdated` datetime NOT NULL,
  `uid` char(36) COLLATE utf8_unicode_ci NOT NULL DEFAULT '0',
  PRIMARY KEY (`id`),
  KEY `craft_fieldlayouts_type_idx` (`type`)
) ENGINE=InnoDB AUTO_INCREMENT=28 DEFAULT CHARSET=utf8 COLLATE=utf8_unicode_ci;

--
-- Data for table `craft_fieldlayouts`
--

INSERT INTO `craft_fieldlayouts` (`id`, `type`, `dateCreated`, `dateUpdated`, `uid`) VALUES
 ('1', 'Tag', '2016-09-29 06:51:56', '2016-09-29 06:51:56', 'a3e8eaf4-ebec-487b-b894-6adfc3c3d8de'),
 ('3', 'Entry', '2016-09-29 06:51:57', '2016-09-29 06:51:57', '32556a53-58c3-42e5-b543-eb53d4e35164'),
 ('11', 'Asset', '2016-10-02 23:48:46', '2016-10-02 23:48:46', '3bc6e6c6-7b12-4993-aa3a-584e1cadad92'),
 ('21', 'Entry', '2016-10-03 09:01:11', '2016-10-03 09:01:11', 'adef6327-5729-4060-ac48-a04d006c8b47'),
 ('23', 'Entry', '2016-10-03 11:34:50', '2016-10-03 11:34:50', '2da473c0-5562-4457-8529-11a103e671ac'),
 ('25', 'Category', '2016-10-03 12:31:43', '2016-10-03 12:31:43', '470643c6-aff9-4712-8088-09e7166a908b'),
 ('27', 'Entry', '2016-10-06 03:49:13', '2016-10-06 03:49:13', 'd2552ae1-3c39-45b9-8c1a-2ad26770b075');



DROP TABLE IF EXISTS `craft_fieldlayouttabs`;


--
-- Schema for table `craft_fieldlayouttabs`
--
CREATE TABLE `craft_fieldlayouttabs` (
  `id` int(11) NOT NULL AUTO_INCREMENT,
  `layoutId` int(11) NOT NULL,
  `name` varchar(255) COLLATE utf8_unicode_ci NOT NULL,
  `sortOrder` smallint(6) unsigned DEFAULT NULL,
  `dateCreated` datetime NOT NULL,
  `dateUpdated` datetime NOT NULL,
  `uid` char(36) COLLATE utf8_unicode_ci NOT NULL DEFAULT '0',
  PRIMARY KEY (`id`),
  KEY `craft_fieldlayouttabs_sortOrder_idx` (`sortOrder`),
  KEY `craft_fieldlayouttabs_layoutId_fk` (`layoutId`)
) ENGINE=InnoDB AUTO_INCREMENT=15 DEFAULT CHARSET=utf8 COLLATE=utf8_unicode_ci;

--
-- Data for table `craft_fieldlayouttabs`
--

INSERT INTO `craft_fieldlayouttabs` (`id`, `layoutId`, `name`, `sortOrder`, `dateCreated`, `dateUpdated`, `uid`) VALUES
 ('1', '3', 'Content', '1', '2016-09-29 06:51:57', '2016-09-29 06:51:57', '2d0244ff-36d6-4de7-96c0-ffacb7f8007e'),
 ('11', '21', 'Default', '1', '2016-10-03 09:01:11', '2016-10-03 09:01:11', '721d2e4b-f404-4f8f-bc6f-2315b4af72ec'),
 ('13', '23', 'Default', '1', '2016-10-03 11:34:50', '2016-10-03 11:34:50', '25985c29-8198-4f76-be7f-7b18cf9c14f1'),
 ('14', '27', 'Tab 1', '1', '2016-10-06 03:49:13', '2016-10-06 03:49:13', 'd5542c6c-93be-467a-924f-88c0e3f83ea5');



DROP TABLE IF EXISTS `craft_fields`;


--
-- Schema for table `craft_fields`
--
CREATE TABLE `craft_fields` (
  `id` int(11) NOT NULL AUTO_INCREMENT,
  `groupId` int(11) DEFAULT NULL,
  `name` varchar(255) COLLATE utf8_unicode_ci NOT NULL,
  `handle` varchar(58) COLLATE utf8_unicode_ci NOT NULL,
  `context` varchar(255) COLLATE utf8_unicode_ci NOT NULL DEFAULT 'global',
  `instructions` text COLLATE utf8_unicode_ci,
  `translatable` tinyint(1) unsigned NOT NULL DEFAULT '0',
  `type` varchar(150) COLLATE utf8_unicode_ci NOT NULL,
  `settings` text COLLATE utf8_unicode_ci,
  `dateCreated` datetime NOT NULL,
  `dateUpdated` datetime NOT NULL,
  `uid` char(36) COLLATE utf8_unicode_ci NOT NULL DEFAULT '0',
  PRIMARY KEY (`id`),
  UNIQUE KEY `craft_fields_handle_context_unq_idx` (`handle`,`context`),
  KEY `craft_fields_context_idx` (`context`),
  KEY `craft_fields_groupId_fk` (`groupId`)
) ENGINE=InnoDB AUTO_INCREMENT=13 DEFAULT CHARSET=utf8 COLLATE=utf8_unicode_ci;

--
-- Data for table `craft_fields`
--

INSERT INTO `craft_fields` (`id`, `groupId`, `name`, `handle`, `context`, `instructions`, `translatable`, `type`, `settings`, `dateCreated`, `dateUpdated`, `uid`) VALUES
 ('3', '2', 'Social Link', 'socialLink', 'global', '', '0', 'PlainText', '{\"placeholder\":\"\",\"maxLength\":\"\",\"multiline\":\"\",\"initialRows\":\"4\"}', '2016-09-29 07:45:27', '2016-10-03 11:10:01', '93b838ca-0a11-4e70-8e4f-876b6ff8e471'),
 ('5', '2', 'Social Network', 'socialNetwork', 'global', '', '0', 'Dropdown', '{\"options\":[{\"label\":\"Twitter\",\"value\":\"twitter\",\"default\":\"\"},{\"label\":\"Instagram\",\"value\":\"instagram\",\"default\":\"\"},{\"label\":\"Facebook\",\"value\":\"facebook\",\"default\":\"\"},{\"label\":\"Facebook Pages\",\"value\":\"facebookPages\",\"default\":\"\"},{\"label\":\"Youtube\",\"value\":\"youtube\",\"default\":\"\"},{\"label\":\"Vimeo\",\"value\":\"vimeo\",\"default\":\"\"}]}', '2016-09-29 08:23:28', '2016-10-03 02:31:41', '70e9aa75-a40e-420d-ae74-f21f6d2128ad'),
 ('6', '1', 'Text', 'text', 'global', '', '0', 'RichText', '{\"configFile\":\"\",\"availableAssetSources\":\"*\",\"availableTransforms\":\"*\",\"cleanupHtml\":\"1\",\"purifyHtml\":\"1\",\"columnType\":\"text\"}', '2016-10-02 23:16:52', '2016-10-03 10:31:08', '8a78bb42-47b1-4508-a4cf-33a6b212b747'),
 ('7', '2', 'SocialAuthor', 'socialAuthor', 'global', '', '0', 'PlainText', '{\"placeholder\":\"\",\"maxLength\":\"\",\"multiline\":\"\",\"initialRows\":\"4\"}', '2016-10-02 23:17:53', '2016-10-03 01:33:06', '2174bfea-15e4-4cca-ba4a-bcb4f301b656'),
 ('8', '1', 'Image', 'image', 'global', '', '0', 'Assets', '{\"useSingleFolder\":\"\",\"sources\":\"*\",\"defaultUploadLocationSource\":\"1\",\"defaultUploadLocationSubpath\":\"\",\"singleUploadLocationSource\":\"1\",\"singleUploadLocationSubpath\":\"\",\"restrictFiles\":\"\",\"limit\":\"1\",\"viewMode\":\"large\",\"selectionLabel\":\"\"}', '2016-10-02 23:21:15', '2016-10-03 02:30:07', '33013721-d1bb-4ca8-aaed-00ecceb8071d'),
 ('10', '3', 'ArticleBody', 'articleBody', 'global', '', '0', 'CodeBlock', NULL, '2016-10-02 23:23:05', '2016-10-06 04:45:52', 'f19b1e91-0168-488e-9e85-4eb5316de24e'),
 ('11', '1', 'Channel', 'channel', 'global', '', '0', 'Categories', '{\"source\":\"group:1\",\"limit\":\"1\",\"selectionLabel\":\"Add channel\"}', '2016-10-03 00:48:30', '2016-10-03 08:58:30', 'f2a4a4d3-7192-47ef-b5af-1af1a3b2897e');



DROP TABLE IF EXISTS `craft_globalsets`;


--
-- Schema for table `craft_globalsets`
--
CREATE TABLE `craft_globalsets` (
  `id` int(11) NOT NULL,
  `name` varchar(255) COLLATE utf8_unicode_ci NOT NULL,
  `handle` varchar(255) COLLATE utf8_unicode_ci NOT NULL,
  `fieldLayoutId` int(10) DEFAULT NULL,
  `dateCreated` datetime NOT NULL,
  `dateUpdated` datetime NOT NULL,
  `uid` char(36) COLLATE utf8_unicode_ci NOT NULL DEFAULT '0',
  PRIMARY KEY (`id`),
  UNIQUE KEY `craft_globalsets_name_unq_idx` (`name`),
  UNIQUE KEY `craft_globalsets_handle_unq_idx` (`handle`),
  KEY `craft_globalsets_fieldLayoutId_fk` (`fieldLayoutId`)
) ENGINE=InnoDB DEFAULT CHARSET=utf8 COLLATE=utf8_unicode_ci;

DROP TABLE IF EXISTS `craft_info`;


--
-- Schema for table `craft_info`
--
CREATE TABLE `craft_info` (
  `id` int(11) NOT NULL AUTO_INCREMENT,
  `version` varchar(15) COLLATE utf8_unicode_ci NOT NULL,
  `build` int(11) unsigned NOT NULL,
  `schemaVersion` varchar(15) COLLATE utf8_unicode_ci NOT NULL,
  `releaseDate` datetime NOT NULL,
  `edition` tinyint(1) unsigned NOT NULL DEFAULT '0',
  `siteName` varchar(100) COLLATE utf8_unicode_ci NOT NULL,
  `siteUrl` varchar(255) COLLATE utf8_unicode_ci NOT NULL,
  `timezone` varchar(30) COLLATE utf8_unicode_ci DEFAULT NULL,
  `on` tinyint(1) unsigned NOT NULL DEFAULT '0',
  `maintenance` tinyint(1) unsigned NOT NULL DEFAULT '0',
  `track` varchar(40) COLLATE utf8_unicode_ci NOT NULL,
  `dateCreated` datetime NOT NULL,
  `dateUpdated` datetime NOT NULL,
  `uid` char(36) COLLATE utf8_unicode_ci NOT NULL DEFAULT '0',
  PRIMARY KEY (`id`)
) ENGINE=InnoDB AUTO_INCREMENT=2 DEFAULT CHARSET=utf8 COLLATE=utf8_unicode_ci;

--
-- Data for table `craft_info`
--

INSERT INTO `craft_info` (`id`, `version`, `build`, `schemaVersion`, `releaseDate`, `edition`, `siteName`, `siteUrl`, `timezone`, `on`, `maintenance`, `track`, `dateCreated`, `dateUpdated`, `uid`) VALUES
 ('1', '2.6', '2945', '2.6.7', '2016-09-27 20:36:12', '2', 'Cog Boilerplate Craft', '{baseUrl}', 'UTC', '1', '0', 'stable', '2016-09-29 06:51:51', '2016-10-02 23:48:24', 'e6083cb0-6234-4ea3-b71d-5e7d62612dd2');



DROP TABLE IF EXISTS `craft_locales`;


--
-- Schema for table `craft_locales`
--
CREATE TABLE `craft_locales` (
  `locale` char(12) COLLATE utf8_unicode_ci NOT NULL,
  `sortOrder` smallint(6) unsigned DEFAULT NULL,
  `dateCreated` datetime NOT NULL,
  `dateUpdated` datetime NOT NULL,
  `uid` char(36) COLLATE utf8_unicode_ci NOT NULL DEFAULT '0',
  PRIMARY KEY (`locale`),
  KEY `craft_locales_sortOrder_idx` (`sortOrder`)
) ENGINE=InnoDB DEFAULT CHARSET=utf8 COLLATE=utf8_unicode_ci;

--
-- Data for table `craft_locales`
--

INSERT INTO `craft_locales` (`locale`, `sortOrder`, `dateCreated`, `dateUpdated`, `uid`) VALUES
 ('en_us', '1', '2016-09-29 06:51:52', '2016-09-29 06:51:52', '4f15a231-febf-4c63-9551-eefca4865e7e');



DROP TABLE IF EXISTS `craft_matrixblocks`;


--
-- Schema for table `craft_matrixblocks`
--
CREATE TABLE `craft_matrixblocks` (
  `id` int(11) NOT NULL,
  `ownerId` int(11) NOT NULL,
  `fieldId` int(11) NOT NULL,
  `typeId` int(11) DEFAULT NULL,
  `sortOrder` smallint(6) unsigned DEFAULT NULL,
  `ownerLocale` char(12) COLLATE utf8_unicode_ci DEFAULT NULL,
  `dateCreated` datetime NOT NULL,
  `dateUpdated` datetime NOT NULL,
  `uid` char(36) COLLATE utf8_unicode_ci NOT NULL DEFAULT '0',
  PRIMARY KEY (`id`),
  KEY `craft_matrixblocks_ownerId_idx` (`ownerId`),
  KEY `craft_matrixblocks_fieldId_idx` (`fieldId`),
  KEY `craft_matrixblocks_typeId_idx` (`typeId`),
  KEY `craft_matrixblocks_sortOrder_idx` (`sortOrder`),
  KEY `craft_matrixblocks_ownerLocale_fk` (`ownerLocale`)
) ENGINE=InnoDB DEFAULT CHARSET=utf8 COLLATE=utf8_unicode_ci;

DROP TABLE IF EXISTS `craft_matrixblocktypes`;


--
-- Schema for table `craft_matrixblocktypes`
--
CREATE TABLE `craft_matrixblocktypes` (
  `id` int(11) NOT NULL AUTO_INCREMENT,
  `fieldId` int(11) NOT NULL,
  `fieldLayoutId` int(11) DEFAULT NULL,
  `name` varchar(255) COLLATE utf8_unicode_ci NOT NULL,
  `handle` varchar(255) COLLATE utf8_unicode_ci NOT NULL,
  `sortOrder` smallint(6) unsigned DEFAULT NULL,
  `dateCreated` datetime NOT NULL,
  `dateUpdated` datetime NOT NULL,
  `uid` char(36) COLLATE utf8_unicode_ci NOT NULL DEFAULT '0',
  PRIMARY KEY (`id`),
  UNIQUE KEY `craft_matrixblocktypes_name_fieldId_unq_idx` (`name`,`fieldId`),
  UNIQUE KEY `craft_matrixblocktypes_handle_fieldId_unq_idx` (`handle`,`fieldId`),
  KEY `craft_matrixblocktypes_fieldId_fk` (`fieldId`),
  KEY `craft_matrixblocktypes_fieldLayoutId_fk` (`fieldLayoutId`)
) ENGINE=InnoDB DEFAULT CHARSET=utf8 COLLATE=utf8_unicode_ci;

DROP TABLE IF EXISTS `craft_migrations`;


--
-- Schema for table `craft_migrations`
--
CREATE TABLE `craft_migrations` (
  `id` int(11) NOT NULL AUTO_INCREMENT,
  `pluginId` int(11) DEFAULT NULL,
  `version` varchar(255) COLLATE utf8_unicode_ci NOT NULL,
  `applyTime` datetime NOT NULL,
  `dateCreated` datetime NOT NULL,
  `dateUpdated` datetime NOT NULL,
  `uid` char(36) COLLATE utf8_unicode_ci NOT NULL DEFAULT '0',
  PRIMARY KEY (`id`),
  UNIQUE KEY `craft_migrations_version_unq_idx` (`version`),
  KEY `craft_migrations_pluginId_fk` (`pluginId`)
) ENGINE=InnoDB AUTO_INCREMENT=37 DEFAULT CHARSET=utf8 COLLATE=utf8_unicode_ci;

--
-- Data for table `craft_migrations`
--

INSERT INTO `craft_migrations` (`id`, `pluginId`, `version`, `applyTime`, `dateCreated`, `dateUpdated`, `uid`) VALUES
 ('1', NULL, 'm000000_000000_base', '2016-09-29 06:51:52', '2016-09-29 06:51:52', '2016-09-29 06:51:52', '6d58b3dd-b8a5-4a06-9f1c-3f0e3f92ce7c'),
 ('2', NULL, 'm140730_000001_add_filename_and_format_to_transformindex', '2016-09-29 06:51:52', '2016-09-29 06:51:52', '2016-09-29 06:51:52', '9957a8ad-7a0b-43b6-a1fb-cd0a3a682536'),
 ('3', NULL, 'm140815_000001_add_format_to_transforms', '2016-09-29 06:51:52', '2016-09-29 06:51:52', '2016-09-29 06:51:52', 'f9da55eb-d92e-40e8-85a7-82c82651f07b'),
 ('4', NULL, 'm140822_000001_allow_more_than_128_items_per_field', '2016-09-29 06:51:52', '2016-09-29 06:51:52', '2016-09-29 06:51:52', '99114030-0cf7-4112-9c2c-48ce954c12a8'),
 ('5', NULL, 'm140829_000001_single_title_formats', '2016-09-29 06:51:52', '2016-09-29 06:51:52', '2016-09-29 06:51:52', '01c69c47-ca4f-4057-abc0-419df48079e8'),
 ('6', NULL, 'm140831_000001_extended_cache_keys', '2016-09-29 06:51:52', '2016-09-29 06:51:52', '2016-09-29 06:51:52', 'c5c8977e-61f6-4743-9f8b-c6300cf979a2'),
 ('7', NULL, 'm140922_000001_delete_orphaned_matrix_blocks', '2016-09-29 06:51:52', '2016-09-29 06:51:52', '2016-09-29 06:51:52', 'c2502651-26af-4b0e-bdc5-0c9afd6666d8'),
 ('8', NULL, 'm141008_000001_elements_index_tune', '2016-09-29 06:51:52', '2016-09-29 06:51:52', '2016-09-29 06:51:52', 'c4e11c7f-31bc-4fb8-bc3f-4bb0de56cd14'),
 ('9', NULL, 'm141009_000001_assets_source_handle', '2016-09-29 06:51:52', '2016-09-29 06:51:52', '2016-09-29 06:51:52', '02a6f7f6-329d-436b-ba1e-7f67e9d4b7c2'),
 ('10', NULL, 'm141024_000001_field_layout_tabs', '2016-09-29 06:51:52', '2016-09-29 06:51:52', '2016-09-29 06:51:52', '2f6b52cf-1873-4566-a014-a4c35128698c'),
 ('11', NULL, 'm141030_000000_plugin_schema_versions', '2016-09-29 06:51:52', '2016-09-29 06:51:52', '2016-09-29 06:51:52', 'd183e34e-6e65-416c-93f4-a360f1c8447b'),
 ('12', NULL, 'm141030_000001_drop_structure_move_permission', '2016-09-29 06:51:52', '2016-09-29 06:51:52', '2016-09-29 06:51:52', 'f0dd1e86-626f-4e77-8e6b-05111768d587'),
 ('13', NULL, 'm141103_000001_tag_titles', '2016-09-29 06:51:52', '2016-09-29 06:51:52', '2016-09-29 06:51:52', '3ecfe3c5-458b-4a93-8216-ba66f5fc5829'),
 ('14', NULL, 'm141109_000001_user_status_shuffle', '2016-09-29 06:51:52', '2016-09-29 06:51:52', '2016-09-29 06:51:52', 'fa032ce7-85cd-4f2d-8952-bcb06aeaabe4'),
 ('15', NULL, 'm141126_000001_user_week_start_day', '2016-09-29 06:51:52', '2016-09-29 06:51:52', '2016-09-29 06:51:52', '981383a8-45e7-4365-a1a1-928f1f0819cb'),
 ('16', NULL, 'm150210_000001_adjust_user_photo_size', '2016-09-29 06:51:52', '2016-09-29 06:51:52', '2016-09-29 06:51:52', '4815e560-a813-4230-bfac-3b6335a65da9'),
 ('17', NULL, 'm150724_000001_adjust_quality_settings', '2016-09-29 06:51:52', '2016-09-29 06:51:52', '2016-09-29 06:51:52', 'c5b9f8a2-764c-4061-8373-0ed7ec81f56b'),
 ('18', NULL, 'm150827_000000_element_index_settings', '2016-09-29 06:51:52', '2016-09-29 06:51:52', '2016-09-29 06:51:52', 'd9e43c86-b01a-4039-8c81-88638daeb6e3'),
 ('19', NULL, 'm150918_000001_add_colspan_to_widgets', '2016-09-29 06:51:52', '2016-09-29 06:51:52', '2016-09-29 06:51:52', '4a91ebf7-00b1-49f0-be56-64a5b4f40227'),
 ('20', NULL, 'm151007_000000_clear_asset_caches', '2016-09-29 06:51:52', '2016-09-29 06:51:52', '2016-09-29 06:51:52', 'a18f49ae-68f4-46d4-9cf9-7064df45d688'),
 ('21', NULL, 'm151109_000000_text_url_formats', '2016-09-29 06:51:52', '2016-09-29 06:51:52', '2016-09-29 06:51:52', '7cbcb61a-ce91-474e-b962-86f8dbff5492'),
 ('22', NULL, 'm151110_000000_move_logo', '2016-09-29 06:51:52', '2016-09-29 06:51:52', '2016-09-29 06:51:52', '9c91ba7c-313b-4662-bdb3-8edf087835b2'),
 ('23', NULL, 'm151117_000000_adjust_image_widthheight', '2016-09-29 06:51:52', '2016-09-29 06:51:52', '2016-09-29 06:51:52', '201d322f-754f-418c-bfee-fa663d0233d4'),
 ('24', NULL, 'm151127_000000_clear_license_key_status', '2016-09-29 06:51:52', '2016-09-29 06:51:52', '2016-09-29 06:51:52', '28c9aba6-7fb6-40b2-9cac-4c780519cdca'),
 ('25', NULL, 'm151127_000000_plugin_license_keys', '2016-09-29 06:51:52', '2016-09-29 06:51:52', '2016-09-29 06:51:52', '33e6b95b-ada4-4fbb-9773-331ab54b7a3d'),
 ('26', NULL, 'm151130_000000_update_pt_widget_feeds', '2016-09-29 06:51:52', '2016-09-29 06:51:52', '2016-09-29 06:51:52', 'ddcf0e9d-b86a-494a-aed9-36c2c9bd6a2c'),
 ('27', NULL, 'm160114_000000_asset_sources_public_url_default_true', '2016-09-29 06:51:52', '2016-09-29 06:51:52', '2016-09-29 06:51:52', '6ff5532f-6e2e-4854-b065-e3f3d7db3a7b'),
 ('28', NULL, 'm160223_000000_sortorder_to_smallint', '2016-09-29 06:51:52', '2016-09-29 06:51:52', '2016-09-29 06:51:52', 'cc2e5774-9dbd-4bbf-b300-3f6ccae36b29'),
 ('29', NULL, 'm160229_000000_set_default_entry_statuses', '2016-09-29 06:51:52', '2016-09-29 06:51:52', '2016-09-29 06:51:52', 'c1c0b3c3-50f7-436c-9450-933692d8d78c'),
 ('30', NULL, 'm160304_000000_client_permissions', '2016-09-29 06:51:52', '2016-09-29 06:51:52', '2016-09-29 06:51:52', '683bca40-7d01-4d22-b559-1d30fd0fb186'),
 ('31', NULL, 'm160322_000000_asset_filesize', '2016-09-29 06:51:52', '2016-09-29 06:51:52', '2016-09-29 06:51:52', '02481653-966c-445c-bc06-59906a6f6dbb'),
 ('32', NULL, 'm160503_000000_orphaned_fieldlayouts', '2016-09-29 06:51:52', '2016-09-29 06:51:52', '2016-09-29 06:51:52', '2ffe8e45-5bb7-4880-b8d1-b847307b8e76'),
 ('33', NULL, 'm160510_000000_tasksettings', '2016-09-29 06:51:52', '2016-09-29 06:51:52', '2016-09-29 06:51:52', '7a500345-4b8f-4217-9881-910b112971a4'),
 ('34', NULL, 'm160829_000000_pending_user_content_cleanup', '2016-09-29 06:51:52', '2016-09-29 06:51:52', '2016-09-29 06:51:52', 'f070b70b-6778-40f0-be4c-f847e041762a'),
 ('35', NULL, 'm160830_000000_asset_index_uri_increase', '2016-09-29 06:51:52', '2016-09-29 06:51:52', '2016-09-29 06:51:52', '98a459e6-923f-4efe-a800-4d3b6ec70197'),
 ('36', NULL, 'm160919_000000_usergroup_handle_title_unique', '2016-09-29 06:51:52', '2016-09-29 06:51:52', '2016-09-29 06:51:52', '8fd0cddb-6090-409a-a92e-a606c23bc0ca');



DROP TABLE IF EXISTS `craft_plugins`;


--
-- Schema for table `craft_plugins`
--
CREATE TABLE `craft_plugins` (
  `id` int(11) NOT NULL AUTO_INCREMENT,
  `class` varchar(150) COLLATE utf8_unicode_ci NOT NULL,
  `version` varchar(15) COLLATE utf8_unicode_ci NOT NULL,
  `schemaVersion` varchar(15) COLLATE utf8_unicode_ci DEFAULT NULL,
  `licenseKey` char(24) COLLATE utf8_unicode_ci DEFAULT NULL,
  `licenseKeyStatus` enum('valid','invalid','mismatched','unknown') COLLATE utf8_unicode_ci NOT NULL DEFAULT 'unknown',
  `enabled` tinyint(1) unsigned NOT NULL DEFAULT '0',
  `settings` text COLLATE utf8_unicode_ci,
  `installDate` datetime NOT NULL,
  `dateCreated` datetime NOT NULL,
  `dateUpdated` datetime NOT NULL,
  `uid` char(36) COLLATE utf8_unicode_ci NOT NULL DEFAULT '0',
  PRIMARY KEY (`id`)
) ENGINE=InnoDB AUTO_INCREMENT=3 DEFAULT CHARSET=utf8 COLLATE=utf8_unicode_ci;

--
-- Data for table `craft_plugins`
--

INSERT INTO `craft_plugins` (`id`, `class`, `version`, `schemaVersion`, `licenseKey`, `licenseKeyStatus`, `enabled`, `settings`, `installDate`, `dateCreated`, `dateUpdated`, `uid`) VALUES
 ('1', 'SidebarEnhancer', '1.0.4', '1.0.0', NULL, 'unknown', '1', NULL, '2016-10-03 01:24:10', '2016-10-03 01:24:10', '2016-10-06 03:42:12', 'bc741164-3964-43a3-a53a-5e6e18c05191'),
 ('2', 'CodeBlock', '1.1.0', '1.1.0', NULL, 'unknown', '1', NULL, '2016-10-06 04:45:40', '2016-10-06 04:45:40', '2016-10-06 04:45:40', 'd9f10c7c-006c-43ed-94b4-da5e66dc5c01');



DROP TABLE IF EXISTS `craft_rackspaceaccess`;


--
-- Schema for table `craft_rackspaceaccess`
--
CREATE TABLE `craft_rackspaceaccess` (
  `id` int(11) NOT NULL AUTO_INCREMENT,
  `connectionKey` varchar(255) COLLATE utf8_unicode_ci NOT NULL,
  `token` varchar(255) COLLATE utf8_unicode_ci NOT NULL,
  `storageUrl` varchar(255) COLLATE utf8_unicode_ci NOT NULL,
  `cdnUrl` varchar(255) COLLATE utf8_unicode_ci NOT NULL,
  `dateCreated` datetime NOT NULL,
  `dateUpdated` datetime NOT NULL,
  `uid` char(36) COLLATE utf8_unicode_ci NOT NULL DEFAULT '0',
  PRIMARY KEY (`id`),
  UNIQUE KEY `craft_rackspaceaccess_connectionKey_unq_idx` (`connectionKey`)
) ENGINE=InnoDB DEFAULT CHARSET=utf8 COLLATE=utf8_unicode_ci;

DROP TABLE IF EXISTS `craft_relations`;


--
-- Schema for table `craft_relations`
--
CREATE TABLE `craft_relations` (
  `id` int(11) NOT NULL AUTO_INCREMENT,
  `fieldId` int(11) NOT NULL,
  `sourceId` int(11) NOT NULL,
  `sourceLocale` char(12) COLLATE utf8_unicode_ci DEFAULT NULL,
  `targetId` int(11) NOT NULL,
  `sortOrder` smallint(6) DEFAULT NULL,
  `dateCreated` datetime NOT NULL,
  `dateUpdated` datetime NOT NULL,
  `uid` char(36) COLLATE utf8_unicode_ci NOT NULL DEFAULT '0',
  PRIMARY KEY (`id`),
  UNIQUE KEY `craft_relations_fieldId_sourceId_sourceLocale_targetId_unq_idx` (`fieldId`,`sourceId`,`sourceLocale`,`targetId`),
  KEY `craft_relations_sourceId_fk` (`sourceId`),
  KEY `craft_relations_sourceLocale_fk` (`sourceLocale`),
  KEY `craft_relations_targetId_fk` (`targetId`)
) ENGINE=InnoDB AUTO_INCREMENT=73 DEFAULT CHARSET=utf8 COLLATE=utf8_unicode_ci;

--
-- Data for table `craft_relations`
--

INSERT INTO `craft_relations` (`id`, `fieldId`, `sourceId`, `sourceLocale`, `targetId`, `sortOrder`, `dateCreated`, `dateUpdated`, `uid`) VALUES
 ('40', '11', '40', NULL, '31', '1', '2016-10-03 09:07:23', '2016-10-03 09:07:23', '9a90b2fc-5507-4624-ae3f-d17a421165fe'),
 ('41', '8', '40', NULL, '7', '1', '2016-10-03 09:07:23', '2016-10-03 09:07:23', '70a48303-6d83-4a24-9cc6-7c0f7bd0a942'),
 ('42', '11', '41', NULL, '32', '1', '2016-10-03 09:08:05', '2016-10-03 09:08:05', 'cc76fe68-d2ff-42f4-a586-cafe89262d09'),
 ('43', '8', '41', NULL, '9', '1', '2016-10-03 09:08:05', '2016-10-03 09:08:05', 'e4a1b435-7d40-450a-8704-6979526c7280'),
 ('44', '11', '42', NULL, '33', '1', '2016-10-03 09:09:00', '2016-10-03 09:09:00', 'fdb4150a-3318-4035-98b9-201a8e2f71db'),
 ('45', '8', '42', NULL, '10', '1', '2016-10-03 09:09:00', '2016-10-03 09:09:00', 'c248825e-9d41-4e04-9b83-724bec0e3c71'),
 ('47', '11', '45', NULL, '35', '1', '2016-10-03 09:11:52', '2016-10-03 09:11:52', 'c5c4c1b6-2d15-4775-8a3b-c98643b6d10a'),
 ('48', '8', '45', NULL, '13', '1', '2016-10-03 09:11:52', '2016-10-03 09:11:52', '7b2ff47a-1e9c-450e-aea6-dfea1a3ff3d5'),
 ('51', '11', '44', NULL, '34', '1', '2016-10-03 09:44:21', '2016-10-03 09:44:21', '3ca3a003-d691-435c-9a36-2be2796bdc44'),
 ('52', '8', '44', NULL, '12', '1', '2016-10-03 09:44:21', '2016-10-03 09:44:21', '7a67ea1c-3bd8-4203-b313-f41c0e78f5dd'),
 ('53', '11', '43', NULL, '31', '1', '2016-10-03 09:44:34', '2016-10-03 09:44:34', 'f56809e6-0f5d-4787-8210-92cebd55fc0f'),
 ('54', '8', '43', NULL, '11', '1', '2016-10-03 09:44:34', '2016-10-03 09:44:34', '881e5f60-bc77-46e7-bb6b-8e2840565b47'),
 ('55', '11', '39', NULL, '32', '1', '2016-10-03 09:44:56', '2016-10-03 09:44:56', 'eb335c27-561b-4375-b985-73bc6240c7c9'),
 ('56', '8', '39', NULL, '6', '1', '2016-10-03 09:44:56', '2016-10-03 09:44:56', '26a6917b-d7ae-4cd9-984f-ab1fcbf0e2d5'),
 ('57', '11', '38', NULL, '30', '1', '2016-10-03 09:45:35', '2016-10-03 09:45:35', 'e137502e-6e75-4bcd-8d3f-bcf16c7a464c'),
 ('58', '8', '38', NULL, '14', '1', '2016-10-03 09:45:35', '2016-10-03 09:45:35', 'a0994e50-b7a3-4609-ba24-b1728e457d37'),
 ('59', '11', '46', NULL, '34', '1', '2016-10-03 11:36:00', '2016-10-03 11:36:00', '58d53c4f-a09a-4e96-ad79-c3e310893234'),
 ('60', '8', '46', NULL, '8', '1', '2016-10-03 11:36:00', '2016-10-03 11:36:00', 'e2fe63f1-0247-4f76-b0cb-f40329214626'),
 ('71', '11', '48', NULL, '35', '1', '2016-10-06 04:55:38', '2016-10-06 04:55:38', 'f85ae317-6e23-47aa-a54e-1ee4b1d0bc6a'),
 ('72', '8', '48', NULL, '16', '1', '2016-10-06 04:55:38', '2016-10-06 04:55:38', 'f7f35a3e-336f-4ea6-958c-262768751770');



DROP TABLE IF EXISTS `craft_routes`;


--
-- Schema for table `craft_routes`
--
CREATE TABLE `craft_routes` (
  `id` int(11) NOT NULL AUTO_INCREMENT,
  `locale` char(12) COLLATE utf8_unicode_ci DEFAULT NULL,
  `urlParts` varchar(255) COLLATE utf8_unicode_ci NOT NULL,
  `urlPattern` varchar(255) COLLATE utf8_unicode_ci NOT NULL,
  `template` varchar(255) COLLATE utf8_unicode_ci NOT NULL,
  `sortOrder` smallint(6) unsigned DEFAULT NULL,
  `dateCreated` datetime NOT NULL,
  `dateUpdated` datetime NOT NULL,
  `uid` char(36) COLLATE utf8_unicode_ci NOT NULL DEFAULT '0',
  PRIMARY KEY (`id`),
  UNIQUE KEY `craft_routes_urlPattern_unq_idx` (`urlPattern`),
  KEY `craft_routes_locale_idx` (`locale`)
) ENGINE=InnoDB AUTO_INCREMENT=3 DEFAULT CHARSET=utf8 COLLATE=utf8_unicode_ci;

--
-- Data for table `craft_routes`
--

INSERT INTO `craft_routes` (`id`, `locale`, `urlParts`, `urlPattern`, `template`, `sortOrder`, `dateCreated`, `dateUpdated`, `uid`) VALUES
 ('1', NULL, '[\"blog\\/\",[\"*\",\"[^\\\\\\/]+\"]]', 'blog\\/([^\\/]+)', 'pages/_blog', '1', '2016-10-03 12:15:40', '2016-10-03 12:32:22', 'f9fe8ff7-9b6b-482b-a497-044860b1d45d'),
 ('2', NULL, '[\"profile\\/\",[\"*\",\"[^\\\\\\/]+\"]]', 'profile\\/([^\\/]+)', 'pages/_profile', '2', '2016-10-03 12:38:22', '2016-10-03 12:38:22', '28237253-9d5f-42bd-b926-c3c04b1bdb39');



DROP TABLE IF EXISTS `craft_searchindex`;


--
-- Schema for table `craft_searchindex`
--
CREATE TABLE `craft_searchindex` (
  `elementId` int(11) NOT NULL,
  `attribute` varchar(25) COLLATE utf8_unicode_ci NOT NULL,
  `fieldId` int(11) NOT NULL,
  `locale` char(12) COLLATE utf8_unicode_ci NOT NULL,
  `keywords` text COLLATE utf8_unicode_ci NOT NULL,
  PRIMARY KEY (`elementId`,`attribute`,`fieldId`,`locale`),
  FULLTEXT KEY `craft_searchindex_keywords_idx` (`keywords`)
) ENGINE=MyISAM DEFAULT CHARSET=utf8 COLLATE=utf8_unicode_ci;

--
-- Data for table `craft_searchindex`
--

INSERT INTO `craft_searchindex` (`elementId`, `attribute`, `fieldId`, `locale`, `keywords`) VALUES
 ('1', 'username', '0', 'en_us', ' dev '),
 ('1', 'firstname', '0', 'en_us', ' leah '),
 ('1', 'lastname', '0', 'en_us', ' prince '),
 ('1', 'fullname', '0', 'en_us', ' leah prince '),
 ('1', 'email', '0', 'en_us', ' leah lightcreative com au '),
 ('1', 'slug', '0', 'en_us', ''),
 ('2', 'slug', '0', 'en_us', ' homepage '),
 ('2', 'title', '0', 'en_us', ' home '),
 ('2', 'field', '1', 'en_us', ' it s true this site doesn t have a whole lot of content yet but don t worry our web developers have just installed the cms and they re setting things up for the content editors this very moment soon cog boilerplate craft dev will be an oasis of fresh perspectives sharp analyses and astute opinions that will keep you coming back again and again '),
 ('47', 'field', '6', 'en_us', ' please fill out the form and we ll get back to you phone 0000 0000location 123 russel st melbourne vic '),
 ('5', 'filename', '0', 'en_us', ' thumbnail png '),
 ('5', 'extension', '0', 'en_us', ' png '),
 ('5', 'kind', '0', 'en_us', ' image '),
 ('5', 'slug', '0', 'en_us', ' thumbnail '),
 ('5', 'title', '0', 'en_us', ' thumbnail '),
 ('6', 'filename', '0', 'en_us', ' coffee jpeg '),
 ('6', 'extension', '0', 'en_us', ' jpeg '),
 ('6', 'kind', '0', 'en_us', ' image '),
 ('6', 'slug', '0', 'en_us', ' coffee '),
 ('6', 'title', '0', 'en_us', ' coffee '),
 ('7', 'filename', '0', 'en_us', ' dream coat jpeg '),
 ('7', 'extension', '0', 'en_us', ' jpeg '),
 ('7', 'kind', '0', 'en_us', ' image '),
 ('7', 'slug', '0', 'en_us', ' dream coat '),
 ('7', 'title', '0', 'en_us', ' dream coat '),
 ('8', 'filename', '0', 'en_us', ' aerial jpeg '),
 ('8', 'extension', '0', 'en_us', ' jpeg '),
 ('8', 'kind', '0', 'en_us', ' image '),
 ('8', 'slug', '0', 'en_us', ' aerial '),
 ('8', 'title', '0', 'en_us', ' aerial '),
 ('9', 'filename', '0', 'en_us', ' drinking jpeg '),
 ('9', 'extension', '0', 'en_us', ' jpeg '),
 ('9', 'kind', '0', 'en_us', ' image '),
 ('9', 'slug', '0', 'en_us', ' drinking '),
 ('9', 'title', '0', 'en_us', ' drinking '),
 ('10', 'filename', '0', 'en_us', ' fence girl jpeg '),
 ('10', 'extension', '0', 'en_us', ' jpeg '),
 ('10', 'kind', '0', 'en_us', ' image '),
 ('10', 'slug', '0', 'en_us', ' fence girl '),
 ('10', 'title', '0', 'en_us', ' fence girl '),
 ('11', 'filename', '0', 'en_us', ' flowers jpeg '),
 ('11', 'extension', '0', 'en_us', ' jpeg '),
 ('11', 'kind', '0', 'en_us', ' image '),
 ('11', 'slug', '0', 'en_us', ' flowers '),
 ('11', 'title', '0', 'en_us', ' flowers '),
 ('12', 'filename', '0', 'en_us', ' hipster jpeg '),
 ('12', 'extension', '0', 'en_us', ' jpeg '),
 ('12', 'kind', '0', 'en_us', ' image '),
 ('12', 'slug', '0', 'en_us', ' hipster '),
 ('12', 'title', '0', 'en_us', ' hipster '),
 ('13', 'filename', '0', 'en_us', ' ice jpeg '),
 ('13', 'extension', '0', 'en_us', ' jpeg '),
 ('13', 'kind', '0', 'en_us', ' image '),
 ('13', 'slug', '0', 'en_us', ' ice '),
 ('13', 'title', '0', 'en_us', ' ice '),
 ('14', 'filename', '0', 'en_us', ' man mountains jpeg '),
 ('14', 'extension', '0', 'en_us', ' jpeg '),
 ('14', 'kind', '0', 'en_us', ' image '),
 ('14', 'slug', '0', 'en_us', ' man mountains '),
 ('14', 'title', '0', 'en_us', ' man mountains '),
 ('15', 'filename', '0', 'en_us', ' mountains jpeg '),
 ('15', 'extension', '0', 'en_us', ' jpeg '),
 ('15', 'kind', '0', 'en_us', ' image '),
 ('15', 'slug', '0', 'en_us', ' mountains '),
 ('15', 'title', '0', 'en_us', ' mountains '),
 ('16', 'filename', '0', 'en_us', ' scooter jpeg '),
 ('16', 'extension', '0', 'en_us', ' jpeg '),
 ('16', 'kind', '0', 'en_us', ' image '),
 ('16', 'slug', '0', 'en_us', ' scooter '),
 ('16', 'title', '0', 'en_us', ' scooter '),
 ('47', 'slug', '0', 'en_us', ' contact '),
 ('47', 'title', '0', 'en_us', ' contact '),
 ('48', 'field', '11', 'en_us', ' technology '),
 ('48', 'field', '8', 'en_us', ' scooter '),
 ('48', 'field', '6', 'en_us', ' i am the intro text i know what i am nothing more nothing less '),
 ('48', 'field', '10', 'en_us', ' h1 i am a huge headingh2 i am a smaecenas faucibus mollis interdum integer posuere erat a ante venenatis dapibus posuere velit aliquet integer posuere erat a ante venenatis dapibus posuere velit aliquet lorem ipsum dolor sit amet consectetur adipiscing elit maecenas sed diam eget risus varius blandit sit amet non magna maecenas faucibus mollis interdum maecenas sed diam eget risus varius blandit sit amet non magna fusce dapibus tellus ac cursus commodo tortor mauris condimentum nibh ut fermentum massa justo sit amet risus you can also do lists onetwo threeordered lists too one two four tricked youphoto 100% width image left aligned image right aligned imageyoutube instagram '),
 ('48', 'slug', '0', 'en_us', ' sometimes you just want a test article so you can see all of the things '),
 ('48', 'title', '0', 'en_us', ' sometimes you just want a test article so you can see all of the things '),
 ('38', 'field', '3', 'en_us', ' https www instagram com p bkrobzcbu1q taken by=nickiminaj '),
 ('38', 'field', '7', 'en_us', ' nickiminaj '),
 ('38', 'field', '5', 'en_us', ' instagram '),
 ('38', 'field', '6', 'en_us', ' hello world testing 123 '),
 ('38', 'field', '8', 'en_us', ' man mountains '),
 ('38', 'field', '11', 'en_us', ' national '),
 ('30', 'slug', '0', 'en_us', ' national '),
 ('30', 'title', '0', 'en_us', ' national '),
 ('31', 'slug', '0', 'en_us', ' world '),
 ('31', 'title', '0', 'en_us', ' world '),
 ('32', 'slug', '0', 'en_us', ' lifestyle '),
 ('32', 'title', '0', 'en_us', ' lifestyle '),
 ('33', 'slug', '0', 'en_us', ' travel '),
 ('33', 'title', '0', 'en_us', ' travel '),
 ('34', 'slug', '0', 'en_us', ' entertainment '),
 ('34', 'title', '0', 'en_us', ' entertainment '),
 ('35', 'slug', '0', 'en_us', ' technology '),
 ('35', 'title', '0', 'en_us', ' technology '),
 ('36', 'slug', '0', 'en_us', ' finance '),
 ('36', 'title', '0', 'en_us', ' finance '),
 ('37', 'slug', '0', 'en_us', ' sport '),
 ('37', 'title', '0', 'en_us', ' sport ');
INSERT INTO `craft_searchindex` (`elementId`, `attribute`, `fieldId`, `locale`, `keywords`) VALUES
 ('38', 'slug', '0', 'en_us', ' hello world '),
 ('38', 'title', '0', 'en_us', ' mountain man '),
 ('39', 'field', '11', 'en_us', ' lifestyle '),
 ('39', 'field', '8', 'en_us', ' coffee '),
 ('39', 'field', '6', 'en_us', ' in the studio w htndi and all his gorgeous seriousness melbourne melbourneiloveyou studio portrait portraitpage blackandwhite blackandwhiteisworththefight '),
 ('39', 'field', '5', 'en_us', ' twitter '),
 ('39', 'field', '7', 'en_us', ' kumaniko '),
 ('39', 'field', '3', 'en_us', ' https www instagram com p bk1ixfed8pj taken by=kumaniko '),
 ('39', 'slug', '0', 'en_us', ' coffee '),
 ('39', 'title', '0', 'en_us', ' coffee '),
 ('40', 'field', '11', 'en_us', ' world '),
 ('40', 'field', '8', 'en_us', ' dream coat '),
 ('40', 'field', '6', 'en_us', ' when the dance is over w nellyskf  '),
 ('40', 'field', '5', 'en_us', ' facebook '),
 ('40', 'field', '7', 'en_us', ' kumaniko '),
 ('40', 'field', '3', 'en_us', ' https www instagram com p blcolkldffj taken by=kumaniko '),
 ('40', 'slug', '0', 'en_us', ' dream coat '),
 ('40', 'title', '0', 'en_us', ' dream coat '),
 ('41', 'field', '11', 'en_us', ' lifestyle '),
 ('41', 'field', '8', 'en_us', ' drinking '),
 ('41', 'field', '6', 'en_us', ' leave your mark minimalinspo artinspiration sundayfunday blancandwhitestyle blancandwhitestudio '),
 ('41', 'field', '5', 'en_us', ' twitter '),
 ('41', 'field', '7', 'en_us', ' someuser122af '),
 ('41', 'field', '3', 'en_us', ' https www instagram com p blcn_ khxff taken by=blancandwhitestudio '),
 ('41', 'slug', '0', 'en_us', ' drinking '),
 ('41', 'title', '0', 'en_us', ' drinking '),
 ('42', 'field', '11', 'en_us', ' travel '),
 ('42', 'field', '8', 'en_us', ' fence girl '),
 ('42', 'field', '6', 'en_us', ' fermentum euismod nullam ipsum amet '),
 ('42', 'field', '5', 'en_us', ' twitter '),
 ('42', 'field', '7', 'en_us', ' johnrobinson87 '),
 ('42', 'field', '3', 'en_us', ' https www instagram com p bip9xb5jmzi taken by=taylorswift '),
 ('42', 'slug', '0', 'en_us', ' girl looking '),
 ('42', 'title', '0', 'en_us', ' girl looking '),
 ('43', 'field', '11', 'en_us', ' world '),
 ('43', 'field', '8', 'en_us', ' flowers '),
 ('43', 'field', '6', 'en_us', ' clearly all of us were able to remain calm at gigi s show especially anwarhadid '),
 ('43', 'field', '5', 'en_us', ' twitter '),
 ('43', 'field', '7', 'en_us', ' taylorswift '),
 ('43', 'field', '3', 'en_us', ' https www instagram com p bkktacidtrm '),
 ('43', 'slug', '0', 'en_us', ' flowers '),
 ('43', 'title', '0', 'en_us', ' flowers '),
 ('44', 'field', '11', 'en_us', ' entertainment '),
 ('44', 'field', '8', 'en_us', ' hipster '),
 ('44', 'field', '6', 'en_us', ' the church of scientology is known for its celebrity devotees and its roots in hollywood but what about its following in australia is the religion attracting more aussies looking for a new faith find out from 5 30 when we chat to former hack host steve cannane about his new book investigating scientology in oz '),
 ('44', 'field', '5', 'en_us', ' twitter '),
 ('44', 'field', '7', 'en_us', ' triplejhack '),
 ('44', 'field', '3', 'en_us', ' https www instagram com p bk43ra7dy4b taken by=triplejhack '),
 ('44', 'slug', '0', 'en_us', ' hipster yoda '),
 ('44', 'title', '0', 'en_us', ' hipster yoda '),
 ('45', 'field', '11', 'en_us', ' technology '),
 ('45', 'field', '8', 'en_us', ' ice '),
 ('45', 'field', '6', 'en_us', ' duis mollis est non commodo luctus nisi erat porttitor ligula eget lacinia odio sem nec elit maecenas faucibus mollis interdum vestibulum id ligula porta felis euismod semper sed posuere consectetur est at lobortis '),
 ('45', 'field', '5', 'en_us', ' twitter '),
 ('45', 'field', '7', 'en_us', ' techno babble '),
 ('45', 'field', '3', 'en_us', ' https www instagram com p blazrrdbfgy taken by=chelsea brice style '),
 ('45', 'slug', '0', 'en_us', ' icy sky '),
 ('45', 'title', '0', 'en_us', ' icy sky '),
 ('46', 'field', '11', 'en_us', ' entertainment '),
 ('46', 'field', '8', 'en_us', ' aerial '),
 ('46', 'field', '9', 'en_us', ' with game of thrones nearing the end of its run hbo is desperate for another big buzzy drama hit '),
 ('46', 'field', '6', 'en_us', ' it had hoped vinyl would fill that spot but the 70s set music series flopped like homer simpson diving off a 10 metre board so it really needs a success story with westworld an ambitious sci fi western that cost $100 million to make '),
 ('46', 'field', '10', 'en_us', ' based on michael crichton s 1973 cult movie the revamped concept was developed by jonathan nolan and lisa joy with j j abrams on board as executive producer on the surface westworld is a gigantic theme park where rich people go for an all encompassing experience of the wild west a place designed to seduce everyone who sets foot inside it only none of the park inhabitants are real they re all robots incredibly sophisticated robots called hosts with absolutely no idea they re not real they interact with the park s guests and with each other with perfect mimicry of human features gestures and speech they re programmed to feel the whole gamut of human emotions from love to fear they also feel pain these unfortunate beings only serve as the playthings of the cashed up customers that visit westworld serving as a romp in the sack or a guide on a hunt for dangerous fugitives in the hills sometimes a guest s desires are more grotesque with rape fantasies and senseless gory violence on the cards and through it all the hosts take it can you trust what you see source supplied it s emphasised again and again that they re not real merely synthetic models and lines of computer code their memories are also wiped at the end of every interaction and their days restart in exactly the same way of course it wouldn t be a story worthy of $100 million if there wasn t a snafu a new update to the hosts leaves a few glitching able to recall past memories the malfunctioning hosts are recalled and either cleared to go back in or decommissioned into cold storage in the basement a horrifying tableau that could send anyone with a fear of mannequins into a spin the corporation that runs the park and its enigmatic founder robert ford anthony hopkins are playing god creating the narratives and the personalities that inhabit the park there s clearly a secret plan or possibly several beyond the adult playground in the original 1973 movie the robots rebel and fight back sick of being at the sticky end of the guests whims here at least in the first handful of episodes there s a hint of what s to come as some of the hosts begin to display what could be sentience an early reference to a critical incident in the park 30 years ago is foreboding the cold world of the human puppeteers is also filled with intrigue as opaque and opposing agendas are teased out bit by bit there s a lot to unravel for a committed viewer at times the dialogue is heavy with exposition but there is a lot to take in with several subplots that will presumably come together the human world source supplied the production values of westworld gives us two visually stunning richly textured worlds the open vistas and dusty wild west of the park and the steely hi tech and claustrophobic atmosphere of the human quarters the attention in the set design is highly impressive from the smallest detail in the saloon to ford s office with its wall of masks the process in which new hosts are created means you ll never look at another 3d printer the same way you can see where all that production money was spent given the crichton connection it would be easy to dismiss westworld as jurassic park with robots but that would miss its depth as a tv show unafraid to ask the big question about life what does it mean to be human if we are as many have posited an amalgam of our memories emotions and experiences then how do we differ from artificial beings capable of remembering and feeling one of the things westworld does especially well is to build out the characterisation of the host characters beings that technically have no personalities the actors embodying the hosts evan rachel wood and thandie newton among them have done a spectacular job in making them seem real while always reminding us they re not with a timely twitch or blank look that the hosts often feel more empathetic and rounded out than the human characters is no accident westworld is challenging us to think about evolution and human progress and as one glitching host puts it the question you re not supposed to ask answers you re not supposed to know the complexity of the story as well as the ambitious scope of its production will easily invite comparisons to game of thrones it s the closest hbo has come to a drama that has the same level of characterisation narrative drive and a general sense that this could be the next thing to blow up in the zeitgeist while a few years ago you d be right to be sceptical that a mishmash of sci fi and western could be embraced by a mainstream audience let s remember that game of thrones is a fantasy series with dragons and giants westworld airs on showcase on foxtel at 12pm and 8 30pm on mondays '),
 ('46', 'slug', '0', 'en_us', ' 100m show could be the next game of thrones '),
 ('46', 'title', '0', 'en_us', ' $100m show could be the next game of thrones ');



DROP TABLE IF EXISTS `craft_sections`;


--
-- Schema for table `craft_sections`
--
CREATE TABLE `craft_sections` (
  `id` int(11) NOT NULL AUTO_INCREMENT,
  `structureId` int(11) DEFAULT NULL,
  `name` varchar(255) COLLATE utf8_unicode_ci NOT NULL,
  `handle` varchar(255) COLLATE utf8_unicode_ci NOT NULL,
  `type` enum('single','channel','structure') COLLATE utf8_unicode_ci NOT NULL DEFAULT 'channel',
  `hasUrls` tinyint(1) unsigned NOT NULL DEFAULT '1',
  `template` varchar(500) COLLATE utf8_unicode_ci DEFAULT NULL,
  `enableVersioning` tinyint(1) unsigned NOT NULL DEFAULT '0',
  `dateCreated` datetime NOT NULL,
  `dateUpdated` datetime NOT NULL,
  `uid` char(36) COLLATE utf8_unicode_ci NOT NULL DEFAULT '0',
  PRIMARY KEY (`id`),
  UNIQUE KEY `craft_sections_name_unq_idx` (`name`),
  UNIQUE KEY `craft_sections_handle_unq_idx` (`handle`),
  KEY `craft_sections_structureId_fk` (`structureId`)
) ENGINE=InnoDB AUTO_INCREMENT=8 DEFAULT CHARSET=utf8 COLLATE=utf8_unicode_ci;

--
-- Data for table `craft_sections`
--

INSERT INTO `craft_sections` (`id`, `structureId`, `name`, `handle`, `type`, `hasUrls`, `template`, `enableVersioning`, `dateCreated`, `dateUpdated`, `uid`) VALUES
 ('1', NULL, 'Homepage', 'homepage', 'single', '1', '_home', '1', '2016-09-29 06:51:56', '2016-10-02 23:29:37', '3f07572a-1c2f-403b-9798-6a78f25299c8'),
 ('6', NULL, 'Posts', 'posts', 'channel', '1', 'posts/_entry', '1', '2016-10-03 08:59:52', '2016-10-03 10:46:27', '4b5cf2e7-2cc1-4044-abc9-261399ffb6ba'),
 ('7', NULL, 'Contact', 'contact', 'single', '1', 'contact', '1', '2016-10-06 03:44:20', '2016-10-06 03:44:20', '1b057caf-e441-41da-b678-b0477ef7944a');



DROP TABLE IF EXISTS `craft_sections_i18n`;


--
-- Schema for table `craft_sections_i18n`
--
CREATE TABLE `craft_sections_i18n` (
  `id` int(11) NOT NULL AUTO_INCREMENT,
  `sectionId` int(11) NOT NULL,
  `locale` char(12) COLLATE utf8_unicode_ci NOT NULL,
  `enabledByDefault` tinyint(1) unsigned NOT NULL DEFAULT '1',
  `urlFormat` text COLLATE utf8_unicode_ci,
  `nestedUrlFormat` text COLLATE utf8_unicode_ci,
  `dateCreated` datetime NOT NULL,
  `dateUpdated` datetime NOT NULL,
  `uid` char(36) COLLATE utf8_unicode_ci NOT NULL DEFAULT '0',
  PRIMARY KEY (`id`),
  UNIQUE KEY `craft_sections_i18n_sectionId_locale_unq_idx` (`sectionId`,`locale`),
  KEY `craft_sections_i18n_locale_fk` (`locale`)
) ENGINE=InnoDB AUTO_INCREMENT=8 DEFAULT CHARSET=utf8 COLLATE=utf8_unicode_ci;

--
-- Data for table `craft_sections_i18n`
--

INSERT INTO `craft_sections_i18n` (`id`, `sectionId`, `locale`, `enabledByDefault`, `urlFormat`, `nestedUrlFormat`, `dateCreated`, `dateUpdated`, `uid`) VALUES
 ('1', '1', 'en_us', '1', '__home__', NULL, '2016-09-29 06:51:56', '2016-09-29 06:51:56', '96ca7640-82f3-4aa1-8b01-874a90f01394'),
 ('6', '6', 'en_us', '1', 'posts/{slug}', NULL, '2016-10-03 08:59:52', '2016-10-03 08:59:52', 'ce930810-b835-470e-ac4a-addc5be0b68c'),
 ('7', '7', 'en_us', '1', 'contact', NULL, '2016-10-06 03:44:20', '2016-10-06 03:44:20', '582d3055-04b1-4368-b55f-b53333e0ded6');



DROP TABLE IF EXISTS `craft_sessions`;


--
-- Schema for table `craft_sessions`
--
CREATE TABLE `craft_sessions` (
  `id` int(11) NOT NULL AUTO_INCREMENT,
  `userId` int(11) NOT NULL,
  `token` char(100) COLLATE utf8_unicode_ci NOT NULL,
  `dateCreated` datetime NOT NULL,
  `dateUpdated` datetime NOT NULL,
  `uid` char(36) COLLATE utf8_unicode_ci NOT NULL DEFAULT '0',
  PRIMARY KEY (`id`),
  KEY `craft_sessions_uid_idx` (`uid`),
  KEY `craft_sessions_token_idx` (`token`),
  KEY `craft_sessions_dateUpdated_idx` (`dateUpdated`),
  KEY `craft_sessions_userId_fk` (`userId`)
) ENGINE=InnoDB AUTO_INCREMENT=5 DEFAULT CHARSET=utf8 COLLATE=utf8_unicode_ci;

DROP TABLE IF EXISTS `craft_shunnedmessages`;


--
-- Schema for table `craft_shunnedmessages`
--
CREATE TABLE `craft_shunnedmessages` (
  `id` int(11) NOT NULL AUTO_INCREMENT,
  `userId` int(11) NOT NULL,
  `message` varchar(255) COLLATE utf8_unicode_ci NOT NULL,
  `expiryDate` datetime DEFAULT NULL,
  `dateCreated` datetime NOT NULL,
  `dateUpdated` datetime NOT NULL,
  `uid` char(36) COLLATE utf8_unicode_ci NOT NULL DEFAULT '0',
  PRIMARY KEY (`id`),
  UNIQUE KEY `craft_shunnedmessages_userId_message_unq_idx` (`userId`,`message`)
) ENGINE=InnoDB DEFAULT CHARSET=utf8 COLLATE=utf8_unicode_ci;

DROP TABLE IF EXISTS `craft_structureelements`;


--
-- Schema for table `craft_structureelements`
--
CREATE TABLE `craft_structureelements` (
  `id` int(11) NOT NULL AUTO_INCREMENT,
  `structureId` int(11) NOT NULL,
  `elementId` int(11) DEFAULT NULL,
  `root` int(11) unsigned DEFAULT NULL,
  `lft` int(11) unsigned NOT NULL,
  `rgt` int(11) unsigned NOT NULL,
  `level` smallint(6) unsigned NOT NULL,
  `dateCreated` datetime NOT NULL,
  `dateUpdated` datetime NOT NULL,
  `uid` char(36) COLLATE utf8_unicode_ci NOT NULL DEFAULT '0',
  PRIMARY KEY (`id`),
  UNIQUE KEY `craft_structureelements_structureId_elementId_unq_idx` (`structureId`,`elementId`),
  KEY `craft_structureelements_root_idx` (`root`),
  KEY `craft_structureelements_lft_idx` (`lft`),
  KEY `craft_structureelements_rgt_idx` (`rgt`),
  KEY `craft_structureelements_level_idx` (`level`),
  KEY `craft_structureelements_elementId_fk` (`elementId`)
) ENGINE=InnoDB AUTO_INCREMENT=16 DEFAULT CHARSET=utf8 COLLATE=utf8_unicode_ci;

--
-- Data for table `craft_structureelements`
--

INSERT INTO `craft_structureelements` (`id`, `structureId`, `elementId`, `root`, `lft`, `rgt`, `level`, `dateCreated`, `dateUpdated`, `uid`) VALUES
 ('7', '2', NULL, '7', '1', '18', '0', '2016-10-03 08:56:33', '2016-10-03 08:56:33', '92cbad89-d658-44c2-91de-681a4e80dd03'),
 ('8', '2', '30', '7', '2', '3', '1', '2016-10-03 08:56:33', '2016-10-03 08:56:33', 'de0b0346-b7f1-48e0-9e5a-170e9b4dd4ac'),
 ('9', '2', '31', '7', '4', '5', '1', '2016-10-03 08:56:42', '2016-10-03 08:56:42', 'c9e2304b-dd72-48c6-b31c-5172b9247fb4'),
 ('10', '2', '32', '7', '6', '7', '1', '2016-10-03 08:56:52', '2016-10-03 08:56:52', '72f8d68d-ca80-4281-980f-22c43d628f72'),
 ('11', '2', '33', '7', '8', '9', '1', '2016-10-03 08:56:59', '2016-10-03 08:56:59', 'e78f3909-52a4-4913-982c-95d1d0267bde'),
 ('12', '2', '34', '7', '10', '11', '1', '2016-10-03 08:57:05', '2016-10-03 08:57:05', '7f658851-a235-485b-9fbd-fa75daa1b93e'),
 ('13', '2', '35', '7', '12', '13', '1', '2016-10-03 08:57:14', '2016-10-03 08:57:14', 'b64a3727-2394-4374-9d11-33a6bfe9336b'),
 ('14', '2', '36', '7', '14', '15', '1', '2016-10-03 08:57:23', '2016-10-03 08:57:23', '0a39e8bd-dfee-442f-b8e4-1936d9df692c'),
 ('15', '2', '37', '7', '16', '17', '1', '2016-10-03 08:57:29', '2016-10-03 08:57:29', '181d3b60-b4cd-4a95-a498-521a73bd4f94');



DROP TABLE IF EXISTS `craft_structures`;


--
-- Schema for table `craft_structures`
--
CREATE TABLE `craft_structures` (
  `id` int(11) NOT NULL AUTO_INCREMENT,
  `maxLevels` smallint(6) unsigned DEFAULT NULL,
  `dateCreated` datetime NOT NULL,
  `dateUpdated` datetime NOT NULL,
  `uid` char(36) COLLATE utf8_unicode_ci NOT NULL DEFAULT '0',
  PRIMARY KEY (`id`)
) ENGINE=InnoDB AUTO_INCREMENT=3 DEFAULT CHARSET=utf8 COLLATE=utf8_unicode_ci;

--
-- Data for table `craft_structures`
--

INSERT INTO `craft_structures` (`id`, `maxLevels`, `dateCreated`, `dateUpdated`, `uid`) VALUES
 ('2', NULL, '2016-10-03 08:55:53', '2016-10-03 12:31:42', '7f70dc53-df3f-4af7-8085-bacba7bfc0bd');



DROP TABLE IF EXISTS `craft_systemsettings`;


--
-- Schema for table `craft_systemsettings`
--
CREATE TABLE `craft_systemsettings` (
  `id` int(11) NOT NULL AUTO_INCREMENT,
  `category` varchar(15) COLLATE utf8_unicode_ci NOT NULL,
  `settings` text COLLATE utf8_unicode_ci,
  `dateCreated` datetime NOT NULL,
  `dateUpdated` datetime NOT NULL,
  `uid` char(36) COLLATE utf8_unicode_ci NOT NULL DEFAULT '0',
  PRIMARY KEY (`id`),
  UNIQUE KEY `craft_systemsettings_category_unq_idx` (`category`)
) ENGINE=InnoDB AUTO_INCREMENT=2 DEFAULT CHARSET=utf8 COLLATE=utf8_unicode_ci;

--
-- Data for table `craft_systemsettings`
--

INSERT INTO `craft_systemsettings` (`id`, `category`, `settings`, `dateCreated`, `dateUpdated`, `uid`) VALUES
 ('1', 'email', '{\"protocol\":\"php\",\"emailAddress\":\"leah@lightcreative.com.au\",\"senderName\":\"Cog Boilerplate Craft\"}', '2016-09-29 06:51:56', '2016-09-29 06:51:56', 'e0bbc3e2-ef7d-411d-897d-3ee0584c0fe8');



DROP TABLE IF EXISTS `craft_taggroups`;


--
-- Schema for table `craft_taggroups`
--
CREATE TABLE `craft_taggroups` (
  `id` int(11) NOT NULL AUTO_INCREMENT,
  `name` varchar(255) COLLATE utf8_unicode_ci NOT NULL,
  `handle` varchar(255) COLLATE utf8_unicode_ci NOT NULL,
  `fieldLayoutId` int(10) DEFAULT NULL,
  `dateCreated` datetime NOT NULL,
  `dateUpdated` datetime NOT NULL,
  `uid` char(36) COLLATE utf8_unicode_ci NOT NULL DEFAULT '0',
  PRIMARY KEY (`id`),
  UNIQUE KEY `craft_taggroups_name_unq_idx` (`name`),
  UNIQUE KEY `craft_taggroups_handle_unq_idx` (`handle`),
  KEY `craft_taggroups_fieldLayoutId_fk` (`fieldLayoutId`)
) ENGINE=InnoDB AUTO_INCREMENT=2 DEFAULT CHARSET=utf8 COLLATE=utf8_unicode_ci;

--
-- Data for table `craft_taggroups`
--

INSERT INTO `craft_taggroups` (`id`, `name`, `handle`, `fieldLayoutId`, `dateCreated`, `dateUpdated`, `uid`) VALUES
 ('1', 'Default', 'default', '1', '2016-09-29 06:51:56', '2016-09-29 06:51:56', '7d6a0fb5-b4ce-4035-a500-fc152e772b46');



DROP TABLE IF EXISTS `craft_tags`;


--
-- Schema for table `craft_tags`
--
CREATE TABLE `craft_tags` (
  `id` int(11) NOT NULL,
  `groupId` int(11) NOT NULL,
  `dateCreated` datetime NOT NULL,
  `dateUpdated` datetime NOT NULL,
  `uid` char(36) COLLATE utf8_unicode_ci NOT NULL DEFAULT '0',
  PRIMARY KEY (`id`),
  KEY `craft_tags_groupId_fk` (`groupId`)
) ENGINE=InnoDB DEFAULT CHARSET=utf8 COLLATE=utf8_unicode_ci;

DROP TABLE IF EXISTS `craft_tasks`;


--
-- Schema for table `craft_tasks`
--
CREATE TABLE `craft_tasks` (
  `id` int(11) NOT NULL AUTO_INCREMENT,
  `root` int(11) unsigned DEFAULT NULL,
  `lft` int(11) unsigned NOT NULL,
  `rgt` int(11) unsigned NOT NULL,
  `level` smallint(6) unsigned NOT NULL,
  `currentStep` int(11) unsigned DEFAULT NULL,
  `totalSteps` int(11) unsigned DEFAULT NULL,
  `status` enum('pending','error','running') COLLATE utf8_unicode_ci DEFAULT NULL,
  `type` varchar(150) COLLATE utf8_unicode_ci NOT NULL,
  `description` varchar(255) COLLATE utf8_unicode_ci DEFAULT NULL,
  `settings` mediumtext COLLATE utf8_unicode_ci,
  `dateCreated` datetime NOT NULL,
  `dateUpdated` datetime NOT NULL,
  `uid` char(36) COLLATE utf8_unicode_ci NOT NULL DEFAULT '0',
  PRIMARY KEY (`id`),
  KEY `craft_tasks_root_idx` (`root`),
  KEY `craft_tasks_lft_idx` (`lft`),
  KEY `craft_tasks_rgt_idx` (`rgt`),
  KEY `craft_tasks_level_idx` (`level`)
) ENGINE=InnoDB AUTO_INCREMENT=106 DEFAULT CHARSET=utf8 COLLATE=utf8_unicode_ci;

DROP TABLE IF EXISTS `craft_templatecachecriteria`;


--
-- Schema for table `craft_templatecachecriteria`
--
CREATE TABLE `craft_templatecachecriteria` (
  `id` int(11) NOT NULL AUTO_INCREMENT,
  `cacheId` int(11) NOT NULL,
  `type` varchar(150) COLLATE utf8_unicode_ci NOT NULL,
  `criteria` text COLLATE utf8_unicode_ci NOT NULL,
  PRIMARY KEY (`id`),
  KEY `craft_templatecachecriteria_cacheId_fk` (`cacheId`),
  KEY `craft_templatecachecriteria_type_idx` (`type`)
) ENGINE=InnoDB DEFAULT CHARSET=utf8 COLLATE=utf8_unicode_ci;

DROP TABLE IF EXISTS `craft_templatecacheelements`;


--
-- Schema for table `craft_templatecacheelements`
--
CREATE TABLE `craft_templatecacheelements` (
  `cacheId` int(11) NOT NULL,
  `elementId` int(11) NOT NULL,
  KEY `craft_templatecacheelements_cacheId_fk` (`cacheId`),
  KEY `craft_templatecacheelements_elementId_fk` (`elementId`)
) ENGINE=InnoDB DEFAULT CHARSET=utf8 COLLATE=utf8_unicode_ci;

DROP TABLE IF EXISTS `craft_templatecaches`;


--
-- Schema for table `craft_templatecaches`
--
CREATE TABLE `craft_templatecaches` (
  `id` int(11) NOT NULL AUTO_INCREMENT,
  `cacheKey` varchar(255) COLLATE utf8_unicode_ci NOT NULL,
  `locale` char(12) COLLATE utf8_unicode_ci NOT NULL,
  `path` varchar(255) COLLATE utf8_unicode_ci DEFAULT NULL,
  `expiryDate` datetime NOT NULL,
  `body` mediumtext COLLATE utf8_unicode_ci NOT NULL,
  PRIMARY KEY (`id`),
  KEY `craft_templatecaches_expiryDate_cacheKey_locale_path_idx` (`expiryDate`,`cacheKey`,`locale`,`path`),
  KEY `craft_templatecaches_locale_fk` (`locale`)
) ENGINE=InnoDB DEFAULT CHARSET=utf8 COLLATE=utf8_unicode_ci;

DROP TABLE IF EXISTS `craft_tokens`;


--
-- Schema for table `craft_tokens`
--
CREATE TABLE `craft_tokens` (
  `id` int(11) NOT NULL AUTO_INCREMENT,
  `token` char(32) COLLATE utf8_unicode_ci NOT NULL,
  `route` text COLLATE utf8_unicode_ci,
  `usageLimit` tinyint(3) unsigned DEFAULT NULL,
  `usageCount` tinyint(3) unsigned DEFAULT NULL,
  `expiryDate` datetime NOT NULL,
  `dateCreated` datetime NOT NULL,
  `dateUpdated` datetime NOT NULL,
  `uid` char(36) COLLATE utf8_unicode_ci NOT NULL DEFAULT '0',
  PRIMARY KEY (`id`),
  UNIQUE KEY `craft_tokens_token_unq_idx` (`token`),
  KEY `craft_tokens_expiryDate_idx` (`expiryDate`)
) ENGINE=InnoDB DEFAULT CHARSET=utf8 COLLATE=utf8_unicode_ci;

DROP TABLE IF EXISTS `craft_usergroups`;


--
-- Schema for table `craft_usergroups`
--
CREATE TABLE `craft_usergroups` (
  `id` int(11) NOT NULL AUTO_INCREMENT,
  `name` varchar(255) COLLATE utf8_unicode_ci NOT NULL,
  `handle` varchar(255) COLLATE utf8_unicode_ci NOT NULL,
  `dateCreated` datetime NOT NULL,
  `dateUpdated` datetime NOT NULL,
  `uid` char(36) COLLATE utf8_unicode_ci NOT NULL DEFAULT '0',
  PRIMARY KEY (`id`),
  UNIQUE KEY `craft_usergroups_name_unq_idx` (`name`),
  UNIQUE KEY `craft_usergroups_handle_unq_idx` (`handle`)
) ENGINE=InnoDB DEFAULT CHARSET=utf8 COLLATE=utf8_unicode_ci;

DROP TABLE IF EXISTS `craft_usergroups_users`;


--
-- Schema for table `craft_usergroups_users`
--
CREATE TABLE `craft_usergroups_users` (
  `id` int(11) NOT NULL AUTO_INCREMENT,
  `groupId` int(11) NOT NULL,
  `userId` int(11) NOT NULL,
  `dateCreated` datetime NOT NULL,
  `dateUpdated` datetime NOT NULL,
  `uid` char(36) COLLATE utf8_unicode_ci NOT NULL DEFAULT '0',
  PRIMARY KEY (`id`),
  UNIQUE KEY `craft_usergroups_users_groupId_userId_unq_idx` (`groupId`,`userId`),
  KEY `craft_usergroups_users_userId_fk` (`userId`)
) ENGINE=InnoDB DEFAULT CHARSET=utf8 COLLATE=utf8_unicode_ci;

DROP TABLE IF EXISTS `craft_userpermissions`;


--
-- Schema for table `craft_userpermissions`
--
CREATE TABLE `craft_userpermissions` (
  `id` int(11) NOT NULL AUTO_INCREMENT,
  `name` varchar(255) COLLATE utf8_unicode_ci NOT NULL,
  `dateCreated` datetime NOT NULL,
  `dateUpdated` datetime NOT NULL,
  `uid` char(36) COLLATE utf8_unicode_ci NOT NULL DEFAULT '0',
  PRIMARY KEY (`id`),
  UNIQUE KEY `craft_userpermissions_name_unq_idx` (`name`)
) ENGINE=InnoDB DEFAULT CHARSET=utf8 COLLATE=utf8_unicode_ci;

DROP TABLE IF EXISTS `craft_userpermissions_usergroups`;


--
-- Schema for table `craft_userpermissions_usergroups`
--
CREATE TABLE `craft_userpermissions_usergroups` (
  `id` int(11) NOT NULL AUTO_INCREMENT,
  `permissionId` int(11) NOT NULL,
  `groupId` int(11) NOT NULL,
  `dateCreated` datetime NOT NULL,
  `dateUpdated` datetime NOT NULL,
  `uid` char(36) COLLATE utf8_unicode_ci NOT NULL DEFAULT '0',
  PRIMARY KEY (`id`),
  UNIQUE KEY `craft_userpermissions_usergroups_permissionId_groupId_unq_idx` (`permissionId`,`groupId`),
  KEY `craft_userpermissions_usergroups_groupId_fk` (`groupId`)
) ENGINE=InnoDB DEFAULT CHARSET=utf8 COLLATE=utf8_unicode_ci;

DROP TABLE IF EXISTS `craft_userpermissions_users`;


--
-- Schema for table `craft_userpermissions_users`
--
CREATE TABLE `craft_userpermissions_users` (
  `id` int(11) NOT NULL AUTO_INCREMENT,
  `permissionId` int(11) NOT NULL,
  `userId` int(11) NOT NULL,
  `dateCreated` datetime NOT NULL,
  `dateUpdated` datetime NOT NULL,
  `uid` char(36) COLLATE utf8_unicode_ci NOT NULL DEFAULT '0',
  PRIMARY KEY (`id`),
  UNIQUE KEY `craft_userpermissions_users_permissionId_userId_unq_idx` (`permissionId`,`userId`),
  KEY `craft_userpermissions_users_userId_fk` (`userId`)
) ENGINE=InnoDB DEFAULT CHARSET=utf8 COLLATE=utf8_unicode_ci;

DROP TABLE IF EXISTS `craft_users`;


--
-- Schema for table `craft_users`
--
CREATE TABLE `craft_users` (
  `id` int(11) NOT NULL,
  `username` varchar(100) COLLATE utf8_unicode_ci NOT NULL,
  `photo` varchar(100) COLLATE utf8_unicode_ci DEFAULT NULL,
  `firstName` varchar(100) COLLATE utf8_unicode_ci DEFAULT NULL,
  `lastName` varchar(100) COLLATE utf8_unicode_ci DEFAULT NULL,
  `email` varchar(255) COLLATE utf8_unicode_ci NOT NULL,
  `password` char(255) COLLATE utf8_unicode_ci DEFAULT NULL,
  `preferredLocale` char(12) COLLATE utf8_unicode_ci DEFAULT NULL,
  `weekStartDay` tinyint(1) unsigned NOT NULL DEFAULT '0',
  `admin` tinyint(1) unsigned NOT NULL DEFAULT '0',
  `client` tinyint(1) unsigned NOT NULL DEFAULT '0',
  `locked` tinyint(1) unsigned NOT NULL DEFAULT '0',
  `suspended` tinyint(1) unsigned NOT NULL DEFAULT '0',
  `pending` tinyint(1) unsigned NOT NULL DEFAULT '0',
  `archived` tinyint(1) unsigned NOT NULL DEFAULT '0',
  `lastLoginDate` datetime DEFAULT NULL,
  `lastLoginAttemptIPAddress` varchar(45) COLLATE utf8_unicode_ci DEFAULT NULL,
  `invalidLoginWindowStart` datetime DEFAULT NULL,
  `invalidLoginCount` tinyint(4) unsigned DEFAULT NULL,
  `lastInvalidLoginDate` datetime DEFAULT NULL,
  `lockoutDate` datetime DEFAULT NULL,
  `verificationCode` char(100) COLLATE utf8_unicode_ci DEFAULT NULL,
  `verificationCodeIssuedDate` datetime DEFAULT NULL,
  `unverifiedEmail` varchar(255) COLLATE utf8_unicode_ci DEFAULT NULL,
  `passwordResetRequired` tinyint(1) unsigned NOT NULL DEFAULT '0',
  `lastPasswordChangeDate` datetime DEFAULT NULL,
  `dateCreated` datetime NOT NULL,
  `dateUpdated` datetime NOT NULL,
  `uid` char(36) COLLATE utf8_unicode_ci NOT NULL DEFAULT '0',
  PRIMARY KEY (`id`),
  UNIQUE KEY `craft_users_username_unq_idx` (`username`),
  UNIQUE KEY `craft_users_email_unq_idx` (`email`),
  KEY `craft_users_verificationCode_idx` (`verificationCode`),
  KEY `craft_users_uid_idx` (`uid`),
  KEY `craft_users_preferredLocale_fk` (`preferredLocale`)
) ENGINE=InnoDB DEFAULT CHARSET=utf8 COLLATE=utf8_unicode_ci;

--
-- Data for table `craft_users`
--

INSERT INTO `craft_users` (`id`, `username`, `photo`, `firstName`, `lastName`, `email`, `password`, `preferredLocale`, `weekStartDay`, `admin`, `client`, `locked`, `suspended`, `pending`, `archived`, `lastLoginDate`, `lastLoginAttemptIPAddress`, `invalidLoginWindowStart`, `invalidLoginCount`, `lastInvalidLoginDate`, `lockoutDate`, `verificationCode`, `verificationCodeIssuedDate`, `unverifiedEmail`, `passwordResetRequired`, `lastPasswordChangeDate`, `dateCreated`, `dateUpdated`, `uid`) VALUES
 ('1', 'dev', 'Photo-on-14-09-2016-at-3.00-PM.jpg', 'Leah', 'Prince', 'leah@lightcreative.com.au', '$2y$13$60s0RXVGxuvQ76byO4Qpr.8ZQoby/UplUzmL7Lq.Ud1TWgjWRKBzq', NULL, '1', '1', '0', '0', '0', '0', '0', '2016-10-06 03:42:08', '127.0.0.1', NULL, NULL, NULL, NULL, NULL, NULL, NULL, '0', '2016-09-29 06:51:54', '2016-09-29 06:51:54', '2016-10-06 03:42:08', '5b0b3d79-61e7-441e-aab8-03b498968201');



DROP TABLE IF EXISTS `craft_widgets`;


--
-- Schema for table `craft_widgets`
--
CREATE TABLE `craft_widgets` (
  `id` int(11) NOT NULL AUTO_INCREMENT,
  `userId` int(11) NOT NULL,
  `type` varchar(150) COLLATE utf8_unicode_ci NOT NULL,
  `sortOrder` smallint(6) unsigned DEFAULT NULL,
  `colspan` tinyint(4) unsigned DEFAULT NULL,
  `settings` text COLLATE utf8_unicode_ci,
  `enabled` tinyint(1) unsigned NOT NULL DEFAULT '1',
  `dateCreated` datetime NOT NULL,
  `dateUpdated` datetime NOT NULL,
  `uid` char(36) COLLATE utf8_unicode_ci NOT NULL DEFAULT '0',
  PRIMARY KEY (`id`),
  KEY `craft_widgets_userId_fk` (`userId`)
) ENGINE=InnoDB AUTO_INCREMENT=5 DEFAULT CHARSET=utf8 COLLATE=utf8_unicode_ci;

--
-- Data for table `craft_widgets`
--

INSERT INTO `craft_widgets` (`id`, `userId`, `type`, `sortOrder`, `colspan`, `settings`, `enabled`, `dateCreated`, `dateUpdated`, `uid`) VALUES
 ('1', '1', 'RecentEntries', '1', NULL, NULL, '1', '2016-09-29 06:52:13', '2016-09-29 06:52:13', 'b9386b5a-000c-455e-9e9b-e3271bc98004'),
 ('2', '1', 'GetHelp', '2', NULL, NULL, '1', '2016-09-29 06:52:13', '2016-09-29 06:52:13', 'e8f9f002-7dde-427d-80ea-f59c2327b4c5'),
 ('3', '1', 'Updates', '3', NULL, NULL, '1', '2016-09-29 06:52:13', '2016-09-29 06:52:13', '68ed59d8-34c4-4504-a45f-46d294682da6'),
 ('4', '1', 'Feed', '4', NULL, '{\"url\":\"https:\\/\\/craftcms.com\\/news.rss\",\"title\":\"Craft News\"}', '1', '2016-09-29 06:52:13', '2016-09-29 06:52:13', '5a534188-ec6f-4b40-8443-aaa7e44a2bdb');


--
-- Constraints for tables
--


--
-- Constraints for table `craft_assetfiles`
--
ALTER TABLE `craft_assetfiles`
	ADD CONSTRAINT `craft_assetfiles_folderId_fk` FOREIGN KEY (`folderId`) REFERENCES `craft_assetfolders` (`id`) ON DELETE CASCADE,
	ADD CONSTRAINT `craft_assetfiles_id_fk` FOREIGN KEY (`id`) REFERENCES `craft_elements` (`id`) ON DELETE CASCADE,
	ADD CONSTRAINT `craft_assetfiles_sourceId_fk` FOREIGN KEY (`sourceId`) REFERENCES `craft_assetsources` (`id`) ON DELETE CASCADE;

--
-- Constraints for table `craft_assetfolders`
--
ALTER TABLE `craft_assetfolders`
	ADD CONSTRAINT `craft_assetfolders_sourceId_fk` FOREIGN KEY (`sourceId`) REFERENCES `craft_assetsources` (`id`) ON DELETE CASCADE,
	ADD CONSTRAINT `craft_assetfolders_parentId_fk` FOREIGN KEY (`parentId`) REFERENCES `craft_assetfolders` (`id`) ON DELETE CASCADE;

--
-- Constraints for table `craft_assetindexdata`
--
ALTER TABLE `craft_assetindexdata`
	ADD CONSTRAINT `craft_assetindexdata_sourceId_fk` FOREIGN KEY (`sourceId`) REFERENCES `craft_assetsources` (`id`) ON DELETE CASCADE;

--
-- Constraints for table `craft_assetsources`
--
ALTER TABLE `craft_assetsources`
	ADD CONSTRAINT `craft_assetsources_fieldLayoutId_fk` FOREIGN KEY (`fieldLayoutId`) REFERENCES `craft_fieldlayouts` (`id`) ON DELETE SET NULL;

--
-- Constraints for table `craft_categories`
--
ALTER TABLE `craft_categories`
	ADD CONSTRAINT `craft_categories_groupId_fk` FOREIGN KEY (`groupId`) REFERENCES `craft_categorygroups` (`id`) ON DELETE CASCADE,
	ADD CONSTRAINT `craft_categories_id_fk` FOREIGN KEY (`id`) REFERENCES `craft_elements` (`id`) ON DELETE CASCADE;

--
-- Constraints for table `craft_categorygroups`
--
ALTER TABLE `craft_categorygroups`
	ADD CONSTRAINT `craft_categorygroups_fieldLayoutId_fk` FOREIGN KEY (`fieldLayoutId`) REFERENCES `craft_fieldlayouts` (`id`) ON DELETE SET NULL,
	ADD CONSTRAINT `craft_categorygroups_structureId_fk` FOREIGN KEY (`structureId`) REFERENCES `craft_structures` (`id`) ON DELETE CASCADE;

--
-- Constraints for table `craft_categorygroups_i18n`
--
ALTER TABLE `craft_categorygroups_i18n`
	ADD CONSTRAINT `craft_categorygroups_i18n_locale_fk` FOREIGN KEY (`locale`) REFERENCES `craft_locales` (`locale`) ON DELETE CASCADE ON UPDATE CASCADE,
	ADD CONSTRAINT `craft_categorygroups_i18n_groupId_fk` FOREIGN KEY (`groupId`) REFERENCES `craft_categorygroups` (`id`) ON DELETE CASCADE;

--
-- Constraints for table `craft_content`
--
ALTER TABLE `craft_content`
	ADD CONSTRAINT `craft_content_elementId_fk` FOREIGN KEY (`elementId`) REFERENCES `craft_elements` (`id`) ON DELETE CASCADE,
	ADD CONSTRAINT `craft_content_locale_fk` FOREIGN KEY (`locale`) REFERENCES `craft_locales` (`locale`) ON DELETE CASCADE ON UPDATE CASCADE;

--
-- Constraints for table `craft_elements_i18n`
--
ALTER TABLE `craft_elements_i18n`
	ADD CONSTRAINT `craft_elements_i18n_locale_fk` FOREIGN KEY (`locale`) REFERENCES `craft_locales` (`locale`) ON DELETE CASCADE ON UPDATE CASCADE,
	ADD CONSTRAINT `craft_elements_i18n_elementId_fk` FOREIGN KEY (`elementId`) REFERENCES `craft_elements` (`id`) ON DELETE CASCADE;

--
-- Constraints for table `craft_emailmessages`
--
ALTER TABLE `craft_emailmessages`
	ADD CONSTRAINT `craft_emailmessages_locale_fk` FOREIGN KEY (`locale`) REFERENCES `craft_locales` (`locale`) ON DELETE CASCADE ON UPDATE CASCADE;

--
-- Constraints for table `craft_entries`
--
ALTER TABLE `craft_entries`
	ADD CONSTRAINT `craft_entries_authorId_fk` FOREIGN KEY (`authorId`) REFERENCES `craft_users` (`id`) ON DELETE CASCADE,
	ADD CONSTRAINT `craft_entries_id_fk` FOREIGN KEY (`id`) REFERENCES `craft_elements` (`id`) ON DELETE CASCADE,
	ADD CONSTRAINT `craft_entries_sectionId_fk` FOREIGN KEY (`sectionId`) REFERENCES `craft_sections` (`id`) ON DELETE CASCADE,
	ADD CONSTRAINT `craft_entries_typeId_fk` FOREIGN KEY (`typeId`) REFERENCES `craft_entrytypes` (`id`) ON DELETE CASCADE;

--
-- Constraints for table `craft_entrydrafts`
--
ALTER TABLE `craft_entrydrafts`
	ADD CONSTRAINT `craft_entrydrafts_locale_fk` FOREIGN KEY (`locale`) REFERENCES `craft_locales` (`locale`) ON DELETE CASCADE ON UPDATE CASCADE,
	ADD CONSTRAINT `craft_entrydrafts_creatorId_fk` FOREIGN KEY (`creatorId`) REFERENCES `craft_users` (`id`) ON DELETE CASCADE,
	ADD CONSTRAINT `craft_entrydrafts_entryId_fk` FOREIGN KEY (`entryId`) REFERENCES `craft_entries` (`id`) ON DELETE CASCADE,
	ADD CONSTRAINT `craft_entrydrafts_sectionId_fk` FOREIGN KEY (`sectionId`) REFERENCES `craft_sections` (`id`) ON DELETE CASCADE;

--
-- Constraints for table `craft_entrytypes`
--
ALTER TABLE `craft_entrytypes`
	ADD CONSTRAINT `craft_entrytypes_fieldLayoutId_fk` FOREIGN KEY (`fieldLayoutId`) REFERENCES `craft_fieldlayouts` (`id`) ON DELETE SET NULL,
	ADD CONSTRAINT `craft_entrytypes_sectionId_fk` FOREIGN KEY (`sectionId`) REFERENCES `craft_sections` (`id`) ON DELETE CASCADE;

--
-- Constraints for table `craft_entryversions`
--
ALTER TABLE `craft_entryversions`
	ADD CONSTRAINT `craft_entryversions_locale_fk` FOREIGN KEY (`locale`) REFERENCES `craft_locales` (`locale`) ON DELETE CASCADE ON UPDATE CASCADE,
	ADD CONSTRAINT `craft_entryversions_creatorId_fk` FOREIGN KEY (`creatorId`) REFERENCES `craft_users` (`id`) ON DELETE SET NULL,
	ADD CONSTRAINT `craft_entryversions_entryId_fk` FOREIGN KEY (`entryId`) REFERENCES `craft_entries` (`id`) ON DELETE CASCADE,
	ADD CONSTRAINT `craft_entryversions_sectionId_fk` FOREIGN KEY (`sectionId`) REFERENCES `craft_sections` (`id`) ON DELETE CASCADE;

--
-- Constraints for table `craft_fieldlayoutfields`
--
ALTER TABLE `craft_fieldlayoutfields`
	ADD CONSTRAINT `craft_fieldlayoutfields_fieldId_fk` FOREIGN KEY (`fieldId`) REFERENCES `craft_fields` (`id`) ON DELETE CASCADE,
	ADD CONSTRAINT `craft_fieldlayoutfields_layoutId_fk` FOREIGN KEY (`layoutId`) REFERENCES `craft_fieldlayouts` (`id`) ON DELETE CASCADE,
	ADD CONSTRAINT `craft_fieldlayoutfields_tabId_fk` FOREIGN KEY (`tabId`) REFERENCES `craft_fieldlayouttabs` (`id`) ON DELETE CASCADE;

--
-- Constraints for table `craft_fieldlayouttabs`
--
ALTER TABLE `craft_fieldlayouttabs`
	ADD CONSTRAINT `craft_fieldlayouttabs_layoutId_fk` FOREIGN KEY (`layoutId`) REFERENCES `craft_fieldlayouts` (`id`) ON DELETE CASCADE;

--
-- Constraints for table `craft_fields`
--
ALTER TABLE `craft_fields`
	ADD CONSTRAINT `craft_fields_groupId_fk` FOREIGN KEY (`groupId`) REFERENCES `craft_fieldgroups` (`id`) ON DELETE CASCADE;

--
-- Constraints for table `craft_globalsets`
--
ALTER TABLE `craft_globalsets`
	ADD CONSTRAINT `craft_globalsets_fieldLayoutId_fk` FOREIGN KEY (`fieldLayoutId`) REFERENCES `craft_fieldlayouts` (`id`) ON DELETE SET NULL,
	ADD CONSTRAINT `craft_globalsets_id_fk` FOREIGN KEY (`id`) REFERENCES `craft_elements` (`id`) ON DELETE CASCADE;

--
-- Constraints for table `craft_matrixblocks`
--
ALTER TABLE `craft_matrixblocks`
	ADD CONSTRAINT `craft_matrixblocks_typeId_fk` FOREIGN KEY (`typeId`) REFERENCES `craft_matrixblocktypes` (`id`) ON DELETE CASCADE,
	ADD CONSTRAINT `craft_matrixblocks_fieldId_fk` FOREIGN KEY (`fieldId`) REFERENCES `craft_fields` (`id`) ON DELETE CASCADE,
	ADD CONSTRAINT `craft_matrixblocks_id_fk` FOREIGN KEY (`id`) REFERENCES `craft_elements` (`id`) ON DELETE CASCADE,
	ADD CONSTRAINT `craft_matrixblocks_ownerId_fk` FOREIGN KEY (`ownerId`) REFERENCES `craft_elements` (`id`) ON DELETE CASCADE,
	ADD CONSTRAINT `craft_matrixblocks_ownerLocale_fk` FOREIGN KEY (`ownerLocale`) REFERENCES `craft_locales` (`locale`) ON DELETE CASCADE ON UPDATE CASCADE;

--
-- Constraints for table `craft_matrixblocktypes`
--
ALTER TABLE `craft_matrixblocktypes`
	ADD CONSTRAINT `craft_matrixblocktypes_fieldLayoutId_fk` FOREIGN KEY (`fieldLayoutId`) REFERENCES `craft_fieldlayouts` (`id`) ON DELETE SET NULL,
	ADD CONSTRAINT `craft_matrixblocktypes_fieldId_fk` FOREIGN KEY (`fieldId`) REFERENCES `craft_fields` (`id`) ON DELETE CASCADE;

--
-- Constraints for table `craft_migrations`
--
ALTER TABLE `craft_migrations`
	ADD CONSTRAINT `craft_migrations_pluginId_fk` FOREIGN KEY (`pluginId`) REFERENCES `craft_plugins` (`id`) ON DELETE CASCADE;

--
-- Constraints for table `craft_relations`
--
ALTER TABLE `craft_relations`
	ADD CONSTRAINT `craft_relations_targetId_fk` FOREIGN KEY (`targetId`) REFERENCES `craft_elements` (`id`) ON DELETE CASCADE,
	ADD CONSTRAINT `craft_relations_fieldId_fk` FOREIGN KEY (`fieldId`) REFERENCES `craft_fields` (`id`) ON DELETE CASCADE,
	ADD CONSTRAINT `craft_relations_sourceId_fk` FOREIGN KEY (`sourceId`) REFERENCES `craft_elements` (`id`) ON DELETE CASCADE,
	ADD CONSTRAINT `craft_relations_sourceLocale_fk` FOREIGN KEY (`sourceLocale`) REFERENCES `craft_locales` (`locale`) ON DELETE CASCADE ON UPDATE CASCADE;

--
-- Constraints for table `craft_routes`
--
ALTER TABLE `craft_routes`
	ADD CONSTRAINT `craft_routes_locale_fk` FOREIGN KEY (`locale`) REFERENCES `craft_locales` (`locale`) ON DELETE CASCADE ON UPDATE CASCADE;

--
-- Constraints for table `craft_sections`
--
ALTER TABLE `craft_sections`
	ADD CONSTRAINT `craft_sections_structureId_fk` FOREIGN KEY (`structureId`) REFERENCES `craft_structures` (`id`) ON DELETE SET NULL;

--
-- Constraints for table `craft_sections_i18n`
--
ALTER TABLE `craft_sections_i18n`
	ADD CONSTRAINT `craft_sections_i18n_locale_fk` FOREIGN KEY (`locale`) REFERENCES `craft_locales` (`locale`) ON DELETE CASCADE ON UPDATE CASCADE,
	ADD CONSTRAINT `craft_sections_i18n_sectionId_fk` FOREIGN KEY (`sectionId`) REFERENCES `craft_sections` (`id`) ON DELETE CASCADE;

--
-- Constraints for table `craft_sessions`
--
ALTER TABLE `craft_sessions`
	ADD CONSTRAINT `craft_sessions_userId_fk` FOREIGN KEY (`userId`) REFERENCES `craft_users` (`id`) ON DELETE CASCADE;

--
-- Constraints for table `craft_shunnedmessages`
--
ALTER TABLE `craft_shunnedmessages`
	ADD CONSTRAINT `craft_shunnedmessages_userId_fk` FOREIGN KEY (`userId`) REFERENCES `craft_users` (`id`) ON DELETE CASCADE;

--
-- Constraints for table `craft_structureelements`
--
ALTER TABLE `craft_structureelements`
	ADD CONSTRAINT `craft_structureelements_elementId_fk` FOREIGN KEY (`elementId`) REFERENCES `craft_elements` (`id`) ON DELETE CASCADE,
	ADD CONSTRAINT `craft_structureelements_structureId_fk` FOREIGN KEY (`structureId`) REFERENCES `craft_structures` (`id`) ON DELETE CASCADE;

--
-- Constraints for table `craft_taggroups`
--
ALTER TABLE `craft_taggroups`
	ADD CONSTRAINT `craft_taggroups_fieldLayoutId_fk` FOREIGN KEY (`fieldLayoutId`) REFERENCES `craft_fieldlayouts` (`id`) ON DELETE SET NULL;

--
-- Constraints for table `craft_tags`
--
ALTER TABLE `craft_tags`
	ADD CONSTRAINT `craft_tags_groupId_fk` FOREIGN KEY (`groupId`) REFERENCES `craft_taggroups` (`id`) ON DELETE CASCADE,
	ADD CONSTRAINT `craft_tags_id_fk` FOREIGN KEY (`id`) REFERENCES `craft_elements` (`id`) ON DELETE CASCADE;

--
-- Constraints for table `craft_templatecachecriteria`
--
ALTER TABLE `craft_templatecachecriteria`
	ADD CONSTRAINT `craft_templatecachecriteria_cacheId_fk` FOREIGN KEY (`cacheId`) REFERENCES `craft_templatecaches` (`id`) ON DELETE CASCADE;

--
-- Constraints for table `craft_templatecacheelements`
--
ALTER TABLE `craft_templatecacheelements`
	ADD CONSTRAINT `craft_templatecacheelements_elementId_fk` FOREIGN KEY (`elementId`) REFERENCES `craft_elements` (`id`) ON DELETE CASCADE,
	ADD CONSTRAINT `craft_templatecacheelements_cacheId_fk` FOREIGN KEY (`cacheId`) REFERENCES `craft_templatecaches` (`id`) ON DELETE CASCADE;

--
-- Constraints for table `craft_templatecaches`
--
ALTER TABLE `craft_templatecaches`
	ADD CONSTRAINT `craft_templatecaches_locale_fk` FOREIGN KEY (`locale`) REFERENCES `craft_locales` (`locale`) ON DELETE CASCADE ON UPDATE CASCADE;

--
-- Constraints for table `craft_usergroups_users`
--
ALTER TABLE `craft_usergroups_users`
	ADD CONSTRAINT `craft_usergroups_users_userId_fk` FOREIGN KEY (`userId`) REFERENCES `craft_users` (`id`) ON DELETE CASCADE,
	ADD CONSTRAINT `craft_usergroups_users_groupId_fk` FOREIGN KEY (`groupId`) REFERENCES `craft_usergroups` (`id`) ON DELETE CASCADE;

--
-- Constraints for table `craft_userpermissions_usergroups`
--
ALTER TABLE `craft_userpermissions_usergroups`
	ADD CONSTRAINT `craft_userpermissions_usergroups_groupId_fk` FOREIGN KEY (`groupId`) REFERENCES `craft_usergroups` (`id`) ON DELETE CASCADE,
	ADD CONSTRAINT `craft_userpermissions_usergroups_permissionId_fk` FOREIGN KEY (`permissionId`) REFERENCES `craft_userpermissions` (`id`) ON DELETE CASCADE;

--
-- Constraints for table `craft_userpermissions_users`
--
ALTER TABLE `craft_userpermissions_users`
	ADD CONSTRAINT `craft_userpermissions_users_userId_fk` FOREIGN KEY (`userId`) REFERENCES `craft_users` (`id`) ON DELETE CASCADE,
	ADD CONSTRAINT `craft_userpermissions_users_permissionId_fk` FOREIGN KEY (`permissionId`) REFERENCES `craft_userpermissions` (`id`) ON DELETE CASCADE;

--
-- Constraints for table `craft_users`
--
ALTER TABLE `craft_users`
	ADD CONSTRAINT `craft_users_preferredLocale_fk` FOREIGN KEY (`preferredLocale`) REFERENCES `craft_locales` (`locale`) ON DELETE SET NULL ON UPDATE CASCADE,
	ADD CONSTRAINT `craft_users_id_fk` FOREIGN KEY (`id`) REFERENCES `craft_elements` (`id`) ON DELETE CASCADE;

--
-- Constraints for table `craft_widgets`
--
ALTER TABLE `craft_widgets`
	ADD CONSTRAINT `craft_widgets_userId_fk` FOREIGN KEY (`userId`) REFERENCES `craft_users` (`id`) ON DELETE CASCADE;

SET FOREIGN_KEY_CHECKS = 1;
